Workbook
Name MillingRate: Assumptions!$B$4
Name SSRTarget: Assumptions!$B$5

Sheet README
A1: Rice Statistics for Africa - variables and calculations by country and region
A3: Generated 2026-08-01 from the platform data extracted 2026-07-31T20:17:46Z
A4: https://rachidiaboudou-a11y.github.io/Africa-Rice-statistics---CHIDO/
A6: HOW THIS WORKBOOK IS BUILT
A7: The data sheets carry only what FAOSTAT and USDA PSD actually publish. Every derived
A8: quantity - milled production, yield, consumption, PPC, CPC, SSR, IDR - is an Excel
A9: formula referencing those cells. Nothing is a pasted result. Change the milling rate on
A10: the Assumptions sheet and the entire workbook recalculates.
A12: SHEETS
A13: Assumptions Milling rate and conversion factors. The yellow cells are the inputs.
A14: FAOSTAT Country-year observed variables, plus derived indicators as formulas.
A15: USDA_PSD The same for USDA PSD, which publishes on a milled basis throughout.
... A59: 13(1), 29-42, for the applied formulas.

Sheet Assumptions
A1: Assumptions and conversion factors
A3: Parameter | B3: Value | C3: Unit | D3: Note
A4: Milling rate (paddy to milled) | B4: 0.67 | C4: ratio | D4: FAO convention. AfricaRice/CARD publish 0.667; van Oort et al. (2015) use 0.65. CHANGE THIS CELL and every ratio in the workbook recalculates.
A5: Self-sufficiency target | B5: 100 | C5: % | D5: FAO (2001) definition of self-sufficiency.
A6: FAOSTAT trade item | B6: 30 | C6: item code | D6: Item 30, standardized total rice trade (husked + milled + broken). Item 31 excludes broken rice and understates West African imports severely.
A7: Kilograms per tonne | B7: 1000 | C7: kg/t | D7: Unit conversion used in every per-capita calculation.
A9: Cells in yellow with blue text are inputs. Everything else in this workbook is a formula.

Sheet FAOSTAT
A1: ISO3 | B1: Country | C1: Region | D1: Year | E1: Production, paddy (t) | F1: Area harvested (ha) | G1: Imports (t, milled eq.) | H1: Exports (t, milled eq.) | I1: Population (persons, UN WPP via FAOSTAT) | J1: Import value (1000 USD) | K1: Export value (1000 USD) | L1: Yield as FAOSTAT publishes it (kg/ha) | M1: Production, milled (t) | N1: Yield, derived = P/A (kg/ha) | O1: Apparent consumption (t) | P1: PPC (kg/capita) | Q1: CPC (kg/capita) | R1: SSR (%) | S1: IDR (%) | T1: ICR (ratio) | U1: Net trade (t) | V1: Import bill per capita (USD)
A2: BDI | B2: Burundi | C2: Eastern Africa | D2: 1961 | E2: 3000 | F2: 797 | G2: 2000 | H2: 0 | I2: 2835119 | J2: 250 | K2: 0 | L2: 3764.1 | M2: =IFERROR(E2*MillingRate,"") -> 2010 | N2: =IFERROR(E2*1000/F2,"") -> 3764.1154 | O2: =IFERROR(M2+G2-N(H2),"") -> 4010 | P2: =IFERROR(M2*1000/I2,"") -> 0.70896495 | Q2: =IFERROR(O2*1000/I2,"") -> 1.4144027 | R2: =IF(N(O2)<=0,"",M2/O2*100) -> 50.124688 | S2: =IF(N(O2)<=0,"",G2/O2*100) -> 49.875312 | T2: =IFERROR(M2/G2,"") -> 1.005 | U2: =IFERROR(N(H2)-G2,"") -> -2000 | V2: =IFERROR(J2*1000/I2,"") -> 0.08817972
A3: BDI | B3: Burundi | C3: Eastern Africa | D3: 1962 | E3: 2750 | F3: 1100 | G3: 3000 | H3: 0 | I3: 2907943 | J3: 400 | K3: 0 | L3: 2500 | M3: =IFERROR(E3*MillingRate,"") -> 1842.5 | N3: =IFERROR(E3*1000/F3,"") -> 2500 | O3: =IFERROR(M3+G3-N(H3),"") -> 4842.5 | P3: =IFERROR(M3*1000/I3,"") -> 0.63360939 | Q3: =IFERROR(O3*1000/I3,"") -> 1.6652665 | R3: =IF(N(O3)<=0,"",M3/O3*100) -> 38.048529 | S3: =IF(N(O3)<=0,"",G3/O3*100) -> 61.951471 | T3: =IFERROR(M3/G3,"") -> 0.61416667 | U3: =IFERROR(N(H3)-G3,"") -> -3000 | V3: =IFERROR(J3*1000/I3,"") -> 0.13755428
A4: BDI | B4: Burundi | C4: Eastern Africa | D4: 1963 | E4: 2680 | F4: 960 | G4: 1000 | H4: 0 | I4: 2969841 | J4: 140 | K4: 0 | L4: 2791.7 | M4: =IFERROR(E4*MillingRate,"") -> 1795.6 | N4: =IFERROR(E4*1000/F4,"") -> 2791.6667 | O4: =IFERROR(M4+G4-N(H4),"") -> 2795.6 | P4: =IFERROR(M4*1000/I4,"") -> 0.60461149 | Q4: =IFERROR(O4*1000/I4,"") -> 0.94132986 | R4: =IF(N(O4)<=0,"",M4/O4*100) -> 64.229504 | S4: =IF(N(O4)<=0,"",G4/O4*100) -> 35.770496 | T4: =IFERROR(M4/G4,"") -> 1.7956 | U4: =IFERROR(N(H4)-G4,"") -> -1000 | V4: =IFERROR(J4*1000/I4,"") -> 0.047140571
A5: BDI | B5: Burundi | C5: Eastern Africa | D5: 1964 | E5: 2880 | F5: 1200 | G5: 713 | H5: 0 | I5: 3055650 | J5: 100 | K5: 0 | L5: 2400 | M5: =IFERROR(E5*MillingRate,"") -> 1929.6 | N5: =IFERROR(E5*1000/F5,"") -> 2400 | O5: =IFERROR(M5+G5-N(H5),"") -> 2642.6 | P5: =IFERROR(M5*1000/I5,"") -> 0.63148594 | Q5: =IFERROR(O5*1000/I5,"") -> 0.86482418 | R5: =IF(N(O5)<=0,"",M5/O5*100) -> 73.018996 | S5: =IF(N(O5)<=0,"",G5/O5*100) -> 26.981004 | T5: =IFERROR(M5/G5,"") -> 2.7063114 | U5: =IFERROR(N(H5)-G5,"") -> -713 | V5: =IFERROR(J5*1000/I5,"") -> 0.032726261
A6: BDI | B6: Burundi | C6: Eastern Africa | D6: 1965 | E6: 2178 | F6: 1050 | G6: 1232 | H6: 0 | I6: 3141367 | J6: 173 | K6: 0 | L6: 2074.3 | M6: =IFERROR(E6*MillingRate,"") -> 1459.26 | N6: =IFERROR(E6*1000/F6,"") -> 2074.2857 | O6: =IFERROR(M6+G6-N(H6),"") -> 2691.26 | P6: =IFERROR(M6*1000/I6,"") -> 0.46453025 | Q6: =IFERROR(O6*1000/I6,"") -> 0.8567162 | R6: =IF(N(O6)<=0,"",M6/O6*100) -> 54.222186 | S6: =IF(N(O6)<=0,"",G6/O6*100) -> 45.777814 | T6: =IFERROR(M6/G6,"") -> 1.1844643 | U6: =IFERROR(N(H6)-G6,"") -> -1232 | V6: =IFERROR(J6*1000/I6,"") -> 0.055071566
A7: BDI | B7: Burundi | C7: Eastern Africa | D7: 1966 | E7: 1967 | F7: 962 | G7: 850 | H7: 0 | I7: 3217960 | J7: 155 | K7: 0 | L7: 2044.7 | M7: =IFERROR(E7*MillingRate,"") -> 1317.89 | N7: =IFERROR(E7*1000/F7,"") -> 2044.6985 | O7: =IFERROR(M7+G7-N(H7),"") -> 2167.89 | P7: =IFERROR(M7*1000/I7,"") -> 0.40954207 | Q7: =IFERROR(O7*1000/I7,"") -> 0.67368457 | R7: =IF(N(O7)<=0,"",M7/O7*100) -> 60.791369 | S7: =IF(N(O7)<=0,"",G7/O7*100) -> 39.208631 | T7: =IFERROR(M7/G7,"") -> 1.5504588 | U7: =IFERROR(N(H7)-G7,"") -> -850 | V7: =IFERROR(J7*1000/I7,"") -> 0.048167162
A8: BDI | B8: Burundi | C8: Eastern Africa | D8: 1967 | E8: 1400 | F8: 1424 | G8: 140 | H8: 0 | I8: 3300690 | J8: 27 | K8: 0 | L8: 983.1 | M8: =IFERROR(E8*MillingRate,"") -> 938 | N8: =IFERROR(E8*1000/F8,"") -> 983.14607 | O8: =IFERROR(M8+G8-N(H8),"") -> 1078 | P8: =IFERROR(M8*1000/I8,"") -> 0.284183 | Q8: =IFERROR(O8*1000/I8,"") -> 0.32659838 | R8: =IF(N(O8)<=0,"",M8/O8*100) -> 87.012987 | S8: =IF(N(O8)<=0,"",G8/O8*100) -> 12.987013 | T8: =IFERROR(M8/G8,"") -> 6.7 | U8: =IFERROR(N(H8)-G8,"") -> -140 | V8: =IFERROR(J8*1000/I8,"") -> 0.0081801078
A9: BDI | B9: Burundi | C9: Eastern Africa | D9: 1968 | E9: 4600 | F9: 2200 | G9: 1075 | H9: 0 | I9: 3380387 | J9: 166 | K9: 0 | L9: 2090.9 | M9: =IFERROR(E9*MillingRate,"") -> 3082 | N9: =IFERROR(E9*1000/F9,"") -> 2090.9091 | O9: =IFERROR(M9+G9-N(H9),"") -> 4157 | P9: =IFERROR(M9*1000/I9,"") -> 0.91172993 | Q9: =IFERROR(O9*1000/I9,"") -> 1.2297409 | R9: =IF(N(O9)<=0,"",M9/O9*100) -> 74.140005 | S9: =IF(N(O9)<=0,"",G9/O9*100) -> 25.859995 | T9: =IFERROR(M9/G9,"") -> 2.8669767 | U9: =IFERROR(N(H9)-G9,"") -> -1075 | V9: =IFERROR(J9*1000/I9,"") -> 0.049106803
A10: BDI | B10: Burundi | C10: Eastern Africa | D10: 1969 | E10: 3446 | F10: 2069 | G10: 289 | H10: 0 | I10: 3454590 | J10: 55 | K10: 0 | L10: 1665.5 | M10: =IFERROR(E10*MillingRate,"") -> 2308.82 | N10: =IFERROR(E10*1000/F10,"") -> 1665.5389 | O10: =IFERROR(M10+G10-N(H10),"") -> 2597.82 | P10: =IFERROR(M10*1000/I10,"") -> 0.66833401 | Q10: =IFERROR(O10*1000/I10,"") -> 0.75199083 | R10: =IF(N(O10)<=0,"",M10/O10*100) -> 88.875288 | S10: =IF(N(O10)<=0,"",G10/O10*100) -> 11.124712 | T10: =IFERROR(M10/G10,"") -> 7.9889965 | U10: =IFERROR(N(H10)-G10,"") -> -289 | V10: =IFERROR(J10*1000/I10,"") -> 0.015920847
A11: BDI | B11: Burundi | C11: Eastern Africa | D11: 1970 | E11: 5047 | F11: 3510 | G11: 274 | H11: 61 | I11: 3530432 | J11: 45 | K11: 13 | L11: 1437.9 | M11: =IFERROR(E11*MillingRate,"") -> 3381.49 | N11: =IFERROR(E11*1000/F11,"") -> 1437.8917 | O11: =IFERROR(M11+G11-N(H11),"") -> 3594.49 | P11: =IFERROR(M11*1000/I11,"") -> 0.95781196 | Q11: =IFERROR(O11*1000/I11,"") -> 1.0181445 | R11: =IF(N(O11)<=0,"",M11/O11*100) -> 94.074264 | S11: =IF(N(O11)<=0,"",G11/O11*100) -> 7.6227782 | T11: =IFERROR(M11/G11,"") -> 12.341204 | U11: =IFERROR(N(H11)-G11,"") -> -213 | V11: =IFERROR(J11*1000/I11,"") -> 0.012746315
A12: BDI | B12: Burundi | C12: Eastern Africa | D12: 1971 | E12: 4277 | F12: 3113 | G12: 63 | H12: 684 | I12: 3617289 | J12: 16 | K12: 96 | L12: 1373.9 | M12: =IFERROR(E12*MillingRate,"") -> 2865.59 | N12: =IFERROR(E12*1000/F12,"") -> 1373.9158 | O12: =IFERROR(M12+G12-N(H12),"") -> 2244.59 | P12: =IFERROR(M12*1000/I12,"") -> 0.79219272 | Q12: =IFERROR(O12*1000/I12,"") -> 0.62051719 | R12: =IF(N(O12)<=0,"",M12/O12*100) -> 127.66652 | S12: =IF(N(O12)<=0,"",G12/O12*100) -> 2.8067487 | T12: =IFERROR(M12/G12,"") -> 45.485556 | U12: =IFERROR(N(H12)-G12,"") -> 621 | V12: =IFERROR(J12*1000/I12,"") -> 0.004423202
A13: BDI | B13: Burundi | C13: Eastern Africa | D13: 1972 | E13: 4785 | F13: 2223 | G13: 3005 | H13: 0 | I13: 3617128 | J13: 477 | K13: 0 | L13: 2152.5 | M13: =IFERROR(E13*MillingRate,"") -> 3205.95 | N13: =IFERROR(E13*1000/F13,"") -> 2152.4966 | O13: =IFERROR(M13+G13-N(H13),"") -> 6210.95 | P13: =IFERROR(M13*1000/I13,"") -> 0.88632473 | Q13: =IFERROR(O13*1000/I13,"") -> 1.7170943 | R13: =IF(N(O13)<=0,"",M13/O13*100) -> 51.617707 | S13: =IF(N(O13)<=0,"",G13/O13*100) -> 48.382293 | T13: =IFERROR(M13/G13,"") -> 1.0668719 | U13: =IFERROR(N(H13)-G13,"") -> -3005 | V13: =IFERROR(J13*1000/I13,"") -> 0.13187258
... A54: BDI | B54: Burundi | C54: Eastern Africa | D54: 2013 | E54: 41454 | F54: 21670 | G54: 18061.2 | H54: 0 | I54: 10439341 | J54: 14242 | K54: 0 | L54: 1913 | M54: =IFERROR(E54*MillingRate,"") -> 27774.18 | N54: =IFERROR(E54*1000/F54,"") -> 1912.9672 | O54: =IFERROR(M54+G54-N(H54),"") -> 45835.38 | P54: =IFERROR(M54*1000/I54,"") -> 2.66053 | Q54: =IFERROR(O54*1000/I54,"") -> 4.3906392 | R54: =IF(N(O54)<=0,"",M54/O54*100) -> 60.595505 | S54: =IF(N(O54)<=0,"",G54/O54*100) -> 39.404495 | T54: =IFERROR(M54/G54,"") -> 1.5377815 | U54: =IFERROR(N(H54)-G54,"") -> -18061.2 | V54: =IFERROR(J54*1000/I54,"") -> 1.3642624
A55: BDI | B55: Burundi | C55: Eastern Africa | D55: 2014 | E55: 67377 | F55: 23730 | G55: 13683 | I55: 10799785 | J55: 6093 | L55: 2839.3 | M55: =IFERROR(E55*MillingRate,"") -> 45142.59 | N55: =IFERROR(E55*1000/F55,"") -> 2839.3173 | O55: =IFERROR(M55+G55-N(H55),"") -> 58825.59 | P55: =IFERROR(M55*1000/I55,"") -> 4.1799527 | Q55: =IFERROR(O55*1000/I55,"") -> 5.4469223 | R55: =IF(N(O55)<=0,"",M55/O55*100) -> 76.739715 | S55: =IF(N(O55)<=0,"",G55/O55*100) -> 23.260285 | T55: =IFERROR(M55/G55,"") -> 3.2991734 | U55: =IFERROR(N(H55)-G55,"") -> -13683 | V55: =IFERROR(J55*1000/I55,"") -> 0.5641779
A56: BDI | B56: Burundi | C56: Eastern Africa | D56: 2015 | E56: 38674 | F56: 34246 | G56: 9892.37 | H56: 153.1 | I56: 11047580 | J56: 5164 | K56: 12 | L56: 1129.3 | M56: =IFERROR(E56*MillingRate,"") -> 25911.58 | N56: =IFERROR(E56*1000/F56,"") -> 1129.2998 | O56: =IFERROR(M56+G56-N(H56),"") -> 35650.85 | P56: =IFERROR(M56*1000/I56,"") -> 2.345453 | Q56: =IFERROR(O56*1000/I56,"") -> 3.227028 | R56: =IF(N(O56)<=0,"",M56/O56*100) -> 72.681521 | S56: =IF(N(O56)<=0,"",G56/O56*100) -> 27.747922 | T56: =IFERROR(M56/G56,"") -> 2.6193501 | U56: =IFERROR(N(H56)-G56,"") -> -9739.27 | V56: =IFERROR(J56*1000/I56,"") -> 0.46743269
A57: BDI | B57: Burundi | C57: Eastern Africa | D57: 2016 | E57: 146633 | F57: 63751 | G57: 10869.99 | H57: 0.2 | I57: 11239451 | J57: 5886 | K57: 0 | L57: 2300.1 | M57: =IFERROR(E57*MillingRate,"") -> 98244.11 | N57: =IFERROR(E57*1000/F57,"") -> 2300.0894 | O57: =IFERROR(M57+G57-N(H57),"") -> 109113.9 | P57: =IFERROR(M57*1000/I57,"") -> 8.7410061 | Q57: =IFERROR(O57*1000/I57,"") -> 9.7081165 | R57: =IF(N(O57)<=0,"",M57/O57*100) -> 90.038125 | S57: =IF(N(O57)<=0,"",G57/O57*100) -> 9.962058 | T57: =IFERROR(M57/G57,"") -> 9.0381049 | U57: =IFERROR(N(H57)-G57,"") -> -10869.79 | V57: =IFERROR(J57*1000/I57,"") -> 0.52369106
A58: BDI | B58: Burundi | C58: Eastern Africa | D58: 2017 | E58: 88297.9 | F58: 49501 | G58: 24007.09 | I58: 11506762 | J58: 23887 | L58: 1783.8 | M58: =IFERROR(E58*MillingRate,"") -> 59159.593 | N58: =IFERROR(E58*1000/F58,"") -> 1783.7599 | O58: =IFERROR(M58+G58-N(H58),"") -> 83166.683 | P58: =IFERROR(M58*1000/I58,"") -> 5.1412894 | Q58: =IFERROR(O58*1000/I58,"") -> 7.2276356 | R58: =IF(N(O58)<=0,"",M58/O58*100) -> 71.133765 | S58: =IF(N(O58)<=0,"",G58/O58*100) -> 28.866235 | T58: =IFERROR(M58/G58,"") -> 2.4642551 | U58: =IFERROR(N(H58)-G58,"") -> -24007.09 | V58: =IFERROR(J58*1000/I58,"") -> 2.0759098
A59: BDI | B59: Burundi | C59: Eastern Africa | D59: 2018 | E59: 89296.2 | F59: 49813 | G59: 14141.88 | I59: 11859446 | J59: 9526 | L59: 1792.6 | M59: =IFERROR(E59*MillingRate,"") -> 59828.454 | N59: =IFERROR(E59*1000/F59,"") -> 1792.6284 | O59: =IFERROR(M59+G59-N(H59),"") -> 73970.334 | P59: =IFERROR(M59*1000/I59,"") -> 5.0447933 | Q59: =IFERROR(O59*1000/I59,"") -> 6.2372504 | R59: =IF(N(O59)<=0,"",M59/O59*100) -> 80.881687 | S59: =IF(N(O59)<=0,"",G59/O59*100) -> 19.118313 | T59: =IFERROR(M59/G59,"") -> 4.230587 | U59: =IFERROR(N(H59)-G59,"") -> -14141.88 | V59: =IFERROR(J59*1000/I59,"") -> 0.80324157
A60: BDI | B60: Burundi | C60: Eastern Africa | D60: 2019 | E60: 241210.7 | F60: 142761 | G60: 15267.03 | H60: 0.62 | I60: 12255336 | J60: 14682 | K60: 0 | L60: 1689.6 | M60: =IFERROR(E60*MillingRate,"") -> 161611.17 | N60: =IFERROR(E60*1000/F60,"") -> 1689.612 | O60: =IFERROR(M60+G60-N(H60),"") -> 176877.58 | P60: =IFERROR(M60*1000/I60,"") -> 13.187004 | Q60: =IFERROR(O60*1000/I60,"") -> 14.432699 | R60: =IF(N(O60)<=0,"",M60/O60*100) -> 91.36894 | S60: =IF(N(O60)<=0,"",G60/O60*100) -> 8.6314105 | T60: =IFERROR(M60/G60,"") -> 10.585633 | U60: =IFERROR(N(H60)-G60,"") -> -15266.41 | V60: =IFERROR(J60*1000/I60,"") -> 1.1980088
A61: BDI | B61: Burundi | C61: Eastern Africa | D61: 2020 | E61: 150000 | F61: 93042 | G61: 16843.95 | H61: 3 | I61: 12617036 | J61: 8007 | K61: 3 | L61: 1612.2 | M61: =IFERROR(E61*MillingRate,"") -> 100500 | N61: =IFERROR(E61*1000/F61,"") -> 1612.1751 | O61: =IFERROR(M61+G61-N(H61),"") -> 117340.95 | P61: =IFERROR(M61*1000/I61,"") -> 7.9654207 | Q61: =IFERROR(O61*1000/I61,"") -> 9.3001993 | R61: =IF(N(O61)<=0,"",M61/O61*100) -> 85.647849 | S61: =IF(N(O61)<=0,"",G61/O61*100) -> 14.354707 | T61: =IFERROR(M61/G61,"") -> 5.966534 | U61: =IFERROR(N(H61)-G61,"") -> -16840.95 | V61: =IFERROR(J61*1000/I61,"") -> 0.63461815
A62: BDI | B62: Burundi | C62: Eastern Africa | D62: 2021 | E62: 120000 | F62: 73983 | G62: 21937.38 | I62: 12965481 | J62: 10747 | L62: 1622 | M62: =IFERROR(E62*MillingRate,"") -> 80400 | N62: =IFERROR(E62*1000/F62,"") -> 1621.9942 | O62: =IFERROR(M62+G62-N(H62),"") -> 102337.38 | P62: =IFERROR(M62*1000/I62,"") -> 6.2010812 | Q62: =IFERROR(O62*1000/I62,"") -> 7.8930647 | R62: =IF(N(O62)<=0,"",M62/O62*100) -> 78.563669 | S62: =IF(N(O62)<=0,"",G62/O62*100) -> 21.436331 | T62: =IFERROR(M62/G62,"") -> 3.6649773 | U62: =IFERROR(N(H62)-G62,"") -> -21937.38 | V62: =IFERROR(J62*1000/I62,"") -> 0.82889327
A63: BDI | B63: Burundi | C63: Eastern Africa | D63: 2022 | E63: 115000 | F63: 75963 | G63: 17935.59 | H63: 0.6 | I63: 13321097 | J63: 11750 | K63: 0 | L63: 1513.9 | M63: =IFERROR(E63*MillingRate,"") -> 77050 | N63: =IFERROR(E63*1000/F63,"") -> 1513.8949 | O63: =IFERROR(M63+G63-N(H63),"") -> 94984.99 | P63: =IFERROR(M63*1000/I63,"") -> 5.7840582 | Q63: =IFERROR(O63*1000/I63,"") -> 7.130418 | R63: =IF(N(O63)<=0,"",M63/O63*100) -> 81.11808 | S63: =IF(N(O63)<=0,"",G63/O63*100) -> 18.882552 | T63: =IFERROR(M63/G63,"") -> 4.2959278 | U63: =IFERROR(N(H63)-G63,"") -> -17934.99 | V63: =IFERROR(J63*1000/I63,"") -> 0.88205949
A64: BDI | B64: Burundi | C64: Eastern Africa | D64: 2023 | E64: 125000 | F64: 86614 | G64: 14903.47 | H64: 0 | I64: 13689450 | J64: 10588 | K64: 0 | L64: 1443.2 | M64: =IFERROR(E64*MillingRate,"") -> 83750 | N64: =IFERROR(E64*1000/F64,"") -> 1443.1847 | O64: =IFERROR(M64+G64-N(H64),"") -> 98653.47 | P64: =IFERROR(M64*1000/I64,"") -> 6.1178499 | Q64: =IFERROR(O64*1000/I64,"") -> 7.2065328 | R64: =IF(N(O64)<=0,"",M64/O64*100) -> 84.893111 | S64: =IF(N(O64)<=0,"",G64/O64*100) -> 15.106889 | T64: =IFERROR(M64/G64,"") -> 5.6194967 | U64: =IFERROR(N(H64)-G64,"") -> -14903.47 | V64: =IFERROR(J64*1000/I64,"") -> 0.77344232
A65: BDI | B65: Burundi | C65: Eastern Africa | D65: 2024 | E65: 136000 | F65: 99419 | G65: 20907.98 | H65: 205.81 | I65: 14047786 | J65: 18166 | K65: 45 | L65: 1367.9 | M65: =IFERROR(E65*MillingRate,"") -> 91120 | N65: =IFERROR(E65*1000/F65,"") -> 1367.9478 | O65: =IFERROR(M65+G65-N(H65),"") -> 111822.17 | P65: =IFERROR(M65*1000/I65,"") -> 6.4864314 | Q65: =IFERROR(O65*1000/I65,"") -> 7.9601277 | R65: =IF(N(O65)<=0,"",M65/O65*100) -> 81.486525 | S65: =IF(N(O65)<=0,"",G65/O65*100) -> 18.697527 | T65: =IFERROR(M65/G65,"") -> 4.3581446 | U65: =IFERROR(N(H65)-G65,"") -> -20702.17 | V65: =IFERROR(J65*1000/I65,"") -> 1.2931575
A66: COM | B66: Comoros | C66: Eastern Africa | D66: 1961 | E66: 9000 | F66: 8000 | G66: 5892 | I66: 201201 | J66: 786 | L66: 1125 | M66: =IFERROR(E66*MillingRate,"") -> 6030 | N66: =IFERROR(E66*1000/F66,"") -> 1125 | O66: =IFERROR(M66+G66-N(H66),"") -> 11922 | P66: =IFERROR(M66*1000/I66,"") -> 29.97003 | Q66: =IFERROR(O66*1000/I66,"") -> 59.254179 | R66: =IF(N(O66)<=0,"",M66/O66*100) -> 50.578762 | S66: =IF(N(O66)<=0,"",G66/O66*100) -> 49.421238 | T66: =IFERROR(M66/G66,"") -> 1.0234216 | U66: =IFERROR(N(H66)-G66,"") -> -5892 | V66: =IFERROR(J66*1000/I66,"") -> 3.9065412
A67: COM | B67: Comoros | C67: Eastern Africa | D67: 1962 | E67: 9000 | F67: 8000 | G67: 8352 | I67: 204702 | J67: 1111 | L67: 1125 | M67: =IFERROR(E67*MillingRate,"") -> 6030 | N67: =IFERROR(E67*1000/F67,"") -> 1125 | O67: =IFERROR(M67+G67-N(H67),"") -> 14382 | P67: =IFERROR(M67*1000/I67,"") -> 29.457455 | Q67: =IFERROR(O67*1000/I67,"") -> 70.258229 | R67: =IF(N(O67)<=0,"",M67/O67*100) -> 41.927409 | S67: =IF(N(O67)<=0,"",G67/O67*100) -> 58.072591 | T67: =IFERROR(M67/G67,"") -> 0.72198276 | U67: =IFERROR(N(H67)-G67,"") -> -8352 | V67: =IFERROR(J67*1000/I67,"") -> 5.4274018
A68: COM | B68: Comoros | C68: Eastern Africa | D68: 1963 | E68: 10000 | F68: 9100 | G68: 8674 | I68: 208185 | J68: 1169 | L68: 1098.9 | M68: =IFERROR(E68*MillingRate,"") -> 6700 | N68: =IFERROR(E68*1000/F68,"") -> 1098.9011 | O68: =IFERROR(M68+G68-N(H68),"") -> 15374 | P68: =IFERROR(M68*1000/I68,"") -> 32.182914 | Q68: =IFERROR(O68*1000/I68,"") -> 73.84778 | R68: =IF(N(O68)<=0,"",M68/O68*100) -> 43.58007 | S68: =IF(N(O68)<=0,"",G68/O68*100) -> 56.41993 | T68: =IFERROR(M68/G68,"") -> 0.77242333 | U68: =IFERROR(N(H68)-G68,"") -> -8674 | V68: =IFERROR(J68*1000/I68,"") -> 5.615198
A69: COM | B69: Comoros | C69: Eastern Africa | D69: 1964 | E69: 11000 | F69: 9200 | G69: 8278 | I69: 211644 | J69: 1187 | L69: 1195.7 | M69: =IFERROR(E69*MillingRate,"") -> 7370 | N69: =IFERROR(E69*1000/F69,"") -> 1195.6522 | O69: =IFERROR(M69+G69-N(H69),"") -> 15648 | P69: =IFERROR(M69*1000/I69,"") -> 34.822627 | Q69: =IFERROR(O69*1000/I69,"") -> 73.935477 | R69: =IF(N(O69)<=0,"",M69/O69*100) -> 47.098671 | S69: =IF(N(O69)<=0,"",G69/O69*100) -> 52.901329 | T69: =IFERROR(M69/G69,"") -> 0.89031167 | U69: =IFERROR(N(H69)-G69,"") -> -8278 | V69: =IFERROR(J69*1000/I69,"") -> 5.6084746
A70: COM | B70: Comoros | C70: Eastern Africa | D70: 1965 | E70: 12000 | F70: 10900 | G70: 12888 | I70: 214967 | J70: 1725 | L70: 1100.9 | M70: =IFERROR(E70*MillingRate,"") -> 8040 | N70: =IFERROR(E70*1000/F70,"") -> 1100.9174 | O70: =IFERROR(M70+G70-N(H70),"") -> 20928 | P70: =IFERROR(M70*1000/I70,"") -> 37.401089 | Q70: =IFERROR(O70*1000/I70,"") -> 97.354478 | R70: =IF(N(O70)<=0,"",M70/O70*100) -> 38.417431 | S70: =IF(N(O70)<=0,"",G70/O70*100) -> 61.582569 | T70: =IFERROR(M70/G70,"") -> 0.62383613 | U70: =IFERROR(N(H70)-G70,"") -> -12888 | V70: =IFERROR(J70*1000/I70,"") -> 8.0244875
A71: COM | B71: Comoros | C71: Eastern Africa | D71: 1966 | E71: 13000 | F71: 12000 | G71: 9288 | I71: 218663 | J71: 1276 | L71: 1083.3 | M71: =IFERROR(E71*MillingRate,"") -> 8710 | N71: =IFERROR(E71*1000/F71,"") -> 1083.3333 | O71: =IFERROR(M71+G71-N(H71),"") -> 17998 | P71: =IFERROR(M71*1000/I71,"") -> 39.832985 | Q71: =IFERROR(O71*1000/I71,"") -> 82.309307 | R71: =IF(N(O71)<=0,"",M71/O71*100) -> 48.394266 | S71: =IF(N(O71)<=0,"",G71/O71*100) -> 51.605734 | T71: =IFERROR(M71/G71,"") -> 0.93776916 | U71: =IFERROR(N(H71)-G71,"") -> -9288 | V71: =IFERROR(J71*1000/I71,"") -> 5.8354637
A72: COM | B72: Comoros | C72: Eastern Africa | D72: 1967 | E72: 12000 | F72: 10900 | G72: 8463 | I72: 223859 | J72: 1350 | L72: 1100.9 | M72: =IFERROR(E72*MillingRate,"") -> 8040 | N72: =IFERROR(E72*1000/F72,"") -> 1100.9174 | O72: =IFERROR(M72+G72-N(H72),"") -> 16503 | P72: =IFERROR(M72*1000/I72,"") -> 35.915465 | Q72: =IFERROR(O72*1000/I72,"") -> 73.720512 | R72: =IF(N(O72)<=0,"",M72/O72*100) -> 48.718415 | S72: =IF(N(O72)<=0,"",G72/O72*100) -> 51.281585 | T72: =IFERROR(M72/G72,"") -> 0.95001772 | U72: =IFERROR(N(H72)-G72,"") -> -8463 | V72: =IFERROR(J72*1000/I72,"") -> 6.0305818
A73: COM | B73: Comoros | C73: Eastern Africa | D73: 1968 | E73: 11000 | F73: 9000 | G73: 10702 | I73: 230244 | J73: 1682 | L73: 1222.2 | M73: =IFERROR(E73*MillingRate,"") -> 7370 | N73: =IFERROR(E73*1000/F73,"") -> 1222.2222 | O73: =IFERROR(M73+G73-N(H73),"") -> 18072 | P73: =IFERROR(M73*1000/I73,"") -> 32.00952 | Q73: =IFERROR(O73*1000/I73,"") -> 78.490645 | R73: =IF(N(O73)<=0,"",M73/O73*100) -> 40.781319 | S73: =IF(N(O73)<=0,"",G73/O73*100) -> 59.218681 | T73: =IFERROR(M73/G73,"") -> 0.68865633 | U73: =IFERROR(N(H73)-G73,"") -> -10702 | V73: =IFERROR(J73*1000/I73,"") -> 7.3052935
A74: COM | B74: Comoros | C74: Eastern Africa | D74: 1969 | E74: 10000 | F74: 9000 | G74: 10972 | I74: 237001 | J74: 1626 | L74: 1111.1 | M74: =IFERROR(E74*MillingRate,"") -> 6700 | N74: =IFERROR(E74*1000/F74,"") -> 1111.1111 | O74: =IFERROR(M74+G74-N(H74),"") -> 17672 | P74: =IFERROR(M74*1000/I74,"") -> 28.269923 | Q74: =IFERROR(O74*1000/I74,"") -> 74.565086 | R74: =IF(N(O74)<=0,"",M74/O74*100) -> 37.913083 | S74: =IF(N(O74)<=0,"",G74/O74*100) -> 62.086917 | T74: =IFERROR(M74/G74,"") -> 0.61064528 | U74: =IFERROR(N(H74)-G74,"") -> -10972 | V74: =IFERROR(J74*1000/I74,"") -> 6.8607305
A75: COM | B75: Comoros | C75: Eastern Africa | D75: 1970 | E75: 10000 | F75: 9000 | G75: 12461 | I75: 244185 | J75: 1637 | L75: 1111.1 | M75: =IFERROR(E75*MillingRate,"") -> 6700 | N75: =IFERROR(E75*1000/F75,"") -> 1111.1111 | O75: =IFERROR(M75+G75-N(H75),"") -> 19161 | P75: =IFERROR(M75*1000/I75,"") -> 27.438213 | Q75: =IFERROR(O75*1000/I75,"") -> 78.469193 | R75: =IF(N(O75)<=0,"",M75/O75*100) -> 34.96686 | S75: =IF(N(O75)<=0,"",G75/O75*100) -> 65.03314 | T75: =IFERROR(M75/G75,"") -> 0.53767755 | U75: =IFERROR(N(H75)-G75,"") -> -12461 | V75: =IFERROR(J75*1000/I75,"") -> 6.7039335
A76: COM | B76: Comoros | C76: Eastern Africa | D76: 1971 | E76: 8000 | F76: 9000 | G76: 20004 | I76: 251865 | J76: 2295 | L76: 888.9 | M76: =IFERROR(E76*MillingRate,"") -> 5360 | N76: =IFERROR(E76*1000/F76,"") -> 888.88889 | O76: =IFERROR(M76+G76-N(H76),"") -> 25364 | P76: =IFERROR(M76*1000/I76,"") -> 21.281242 | Q76: =IFERROR(O76*1000/I76,"") -> 100.70474 | R76: =IF(N(O76)<=0,"",M76/O76*100) -> 21.132314 | S76: =IF(N(O76)<=0,"",G76/O76*100) -> 78.867686 | T76: =IFERROR(M76/G76,"") -> 0.26794641 | U76: =IFERROR(N(H76)-G76,"") -> -20004 | V76: =IFERROR(J76*1000/I76,"") -> 9.1120243
A77: COM | B77: Comoros | C77: Eastern Africa | D77: 1972 | E77: 9000 | F77: 9100 | G77: 14318 | I77: 260077 | J77: 1808 | L77: 989 | M77: =IFERROR(E77*MillingRate,"") -> 6030 | N77: =IFERROR(E77*1000/F77,"") -> 989.01099 | O77: =IFERROR(M77+G77-N(H77),"") -> 20348 | P77: =IFERROR(M77*1000/I77,"") -> 23.185441 | Q77: =IFERROR(O77*1000/I77,"") -> 78.238368 | R77: =IF(N(O77)<=0,"",M77/O77*100) -> 29.634362 | S77: =IF(N(O77)<=0,"",G77/O77*100) -> 70.365638 | T77: =IFERROR(M77/G77,"") -> 0.42114821 | U77: =IFERROR(N(H77)-G77,"") -> -14318 | V77: =IFERROR(J77*1000/I77,"") -> 6.9517874
... A127: COM | B127: Comoros | C127: Eastern Africa | D127: 2022 | E127: 5 | F127: 17 | G127: 55381.99 | I127: 834188 | J127: 32224 | L127: 300 | M127: =IFERROR(E127*MillingRate,"") -> 3.35 | N127: =IFERROR(E127*1000/F127,"") -> 294.11765 | O127: =IFERROR(M127+G127-N(H127),"") -> 55385.34 | P127: =IFERROR(M127*1000/I127,"") -> 0.0040158813 | Q127: =IFERROR(O127*1000/I127,"") -> 66.394314 | R127: =IF(N(O127)<=0,"",M127/O127*100) -> 0.006048532 | S127: =IF(N(O127)<=0,"",G127/O127*100) -> 99.993951 | T127: =IFERROR(M127/G127,"") -> 6.0488978e-05 | U127: =IFERROR(N(H127)-G127,"") -> -55381.99 | V127: =IFERROR(J127*1000/I127,"") -> 38.629182
A128: COM | B128: Comoros | C128: Eastern Africa | D128: 2023 | E128: 5 | F128: 17 | G128: 55761.39 | H128: 0.05 | I128: 850387 | J128: 39304 | K128: 0 | L128: 300.1 | M128: =IFERROR(E128*MillingRate,"") -> 3.35 | N128: =IFERROR(E128*1000/F128,"") -> 294.11765 | O128: =IFERROR(M128+G128-N(H128),"") -> 55764.69 | P128: =IFERROR(M128*1000/I128,"") -> 0.0039393829 | Q128: =IFERROR(O128*1000/I128,"") -> 65.575661 | R128: =IF(N(O128)<=0,"",M128/O128*100) -> 0.0060073857 | S128: =IF(N(O128)<=0,"",G128/O128*100) -> 99.994082 | T128: =IFERROR(M128/G128,"") -> 6.0077412e-05 | U128: =IFERROR(N(H128)-G128,"") -> -55761.34 | V128: =IFERROR(J128*1000/I128,"") -> 46.218957
A129: COM | B129: Comoros | C129: Eastern Africa | D129: 2024 | E129: 5 | F129: 17 | G129: 51983.2 | H129: 46.95 | I129: 866628 | J129: 34933 | K129: 10 | L129: 300.3 | M129: =IFERROR(E129*MillingRate,"") -> 3.35 | N129: =IFERROR(E129*1000/F129,"") -> 294.11765 | O129: =IFERROR(M129+G129-N(H129),"") -> 51939.6 | P129: =IFERROR(M129*1000/I129,"") -> 0.0038655571 | Q129: =IFERROR(O129*1000/I129,"") -> 59.932982 | R129: =IF(N(O129)<=0,"",M129/O129*100) -> 0.0064497994 | S129: =IF(N(O129)<=0,"",G129/O129*100) -> 100.08394 | T129: =IFERROR(M129/G129,"") -> 6.4443897e-05 | U129: =IFERROR(N(H129)-G129,"") -> -51936.25 | V129: =IFERROR(J129*1000/I129,"") -> 40.309106
A130: DJI | B130: Djibouti | C130: Eastern Africa | D130: 1961 | G130: 3200 | H130: 0 | I130: 89390 | J130: 400 | K130: 0 | M130: =IFERROR(E130*MillingRate,"") -> 0 | N130: =IFERROR(E130*1000/F130,"") | O130: =IFERROR(M130+G130-N(H130),"") -> 3200 | P130: =IFERROR(M130*1000/I130,"") -> 0 | Q130: =IFERROR(O130*1000/I130,"") -> 35.798188 | R130: =IF(N(O130)<=0,"",M130/O130*100) -> 0 | S130: =IF(N(O130)<=0,"",G130/O130*100) -> 100 | T130: =IFERROR(M130/G130,"") -> 0 | U130: =IFERROR(N(H130)-G130,"") -> -3200 | V130: =IFERROR(J130*1000/I130,"") -> 4.4747735
A131: DJI | B131: Djibouti | C131: Eastern Africa | D131: 1962 | G131: 2800 | H131: 0 | I131: 93283 | J131: 400 | K131: 0 | M131: =IFERROR(E131*MillingRate,"") -> 0 | N131: =IFERROR(E131*1000/F131,"") | O131: =IFERROR(M131+G131-N(H131),"") -> 2800 | P131: =IFERROR(M131*1000/I131,"") -> 0 | Q131: =IFERROR(O131*1000/I131,"") -> 30.016187 | R131: =IF(N(O131)<=0,"",M131/O131*100) -> 0 | S131: =IF(N(O131)<=0,"",G131/O131*100) -> 100 | T131: =IFERROR(M131/G131,"") -> 0 | U131: =IFERROR(N(H131)-G131,"") -> -2800 | V131: =IFERROR(J131*1000/I131,"") -> 4.2880268
A132: DJI | B132: Djibouti | C132: Eastern Africa | D132: 1963 | G132: 2800 | H132: 0 | I132: 97872 | J132: 420 | K132: 0 | M132: =IFERROR(E132*MillingRate,"") -> 0 | N132: =IFERROR(E132*1000/F132,"") | O132: =IFERROR(M132+G132-N(H132),"") -> 2800 | P132: =IFERROR(M132*1000/I132,"") -> 0 | Q132: =IFERROR(O132*1000/I132,"") -> 28.608795 | R132: =IF(N(O132)<=0,"",M132/O132*100) -> 0 | S132: =IF(N(O132)<=0,"",G132/O132*100) -> 100 | T132: =IFERROR(M132/G132,"") -> 0 | U132: =IFERROR(N(H132)-G132,"") -> -2800 | V132: =IFERROR(J132*1000/I132,"") -> 4.2913193
A133: DJI | B133: Djibouti | C133: Eastern Africa | D133: 1964 | G133: 4100 | H133: 0 | I133: 103198 | J133: 580 | K133: 0 | M133: =IFERROR(E133*MillingRate,"") -> 0 | N133: =IFERROR(E133*1000/F133,"") | O133: =IFERROR(M133+G133-N(H133),"") -> 4100 | P133: =IFERROR(M133*1000/I133,"") -> 0 | Q133: =IFERROR(O133*1000/I133,"") -> 39.729452 | R133: =IF(N(O133)<=0,"",M133/O133*100) -> 0 | S133: =IF(N(O133)<=0,"",G133/O133*100) -> 100 | T133: =IFERROR(M133/G133,"") -> 0 | U133: =IFERROR(N(H133)-G133,"") -> -4100 | V133: =IFERROR(J133*1000/I133,"") -> 5.620264
A134: DJI | B134: Djibouti | C134: Eastern Africa | D134: 1965 | G134: 4400 | H134: 0 | I134: 109092 | J134: 620 | K134: 0 | M134: =IFERROR(E134*MillingRate,"") -> 0 | N134: =IFERROR(E134*1000/F134,"") | O134: =IFERROR(M134+G134-N(H134),"") -> 4400 | P134: =IFERROR(M134*1000/I134,"") -> 0 | Q134: =IFERROR(O134*1000/I134,"") -> 40.33293 | R134: =IF(N(O134)<=0,"",M134/O134*100) -> 0 | S134: =IF(N(O134)<=0,"",G134/O134*100) -> 100 | T134: =IFERROR(M134/G134,"") -> 0 | U134: =IFERROR(N(H134)-G134,"") -> -4400 | V134: =IFERROR(J134*1000/I134,"") -> 5.6832765
A135: DJI | B135: Djibouti | C135: Eastern Africa | D135: 1966 | G135: 3690 | H135: 0 | I135: 115269 | J135: 588 | K135: 0 | M135: =IFERROR(E135*MillingRate,"") -> 0 | N135: =IFERROR(E135*1000/F135,"") | O135: =IFERROR(M135+G135-N(H135),"") -> 3690 | P135: =IFERROR(M135*1000/I135,"") -> 0 | Q135: =IFERROR(O135*1000/I135,"") -> 32.012076 | R135: =IF(N(O135)<=0,"",M135/O135*100) -> 0 | S135: =IF(N(O135)<=0,"",G135/O135*100) -> 100 | T135: =IFERROR(M135/G135,"") -> 0 | U135: =IFERROR(N(H135)-G135,"") -> -3690 | V135: =IFERROR(J135*1000/I135,"") -> 5.1011113
A136: DJI | B136: Djibouti | C136: Eastern Africa | D136: 1967 | G136: 3830 | H136: 0 | I136: 121649 | J136: 756 | K136: 0 | M136: =IFERROR(E136*MillingRate,"") -> 0 | N136: =IFERROR(E136*1000/F136,"") | O136: =IFERROR(M136+G136-N(H136),"") -> 3830 | P136: =IFERROR(M136*1000/I136,"") -> 0 | Q136: =IFERROR(O136*1000/I136,"") -> 31.484024 | R136: =IF(N(O136)<=0,"",M136/O136*100) -> 0 | S136: =IF(N(O136)<=0,"",G136/O136*100) -> 100 | T136: =IFERROR(M136/G136,"") -> 0 | U136: =IFERROR(N(H136)-G136,"") -> -3830 | V136: =IFERROR(J136*1000/I136,"") -> 6.214601
A137: DJI | B137: Djibouti | C137: Eastern Africa | D137: 1968 | G137: 2902 | H137: 0 | I137: 128250 | J137: 670 | K137: 0 | M137: =IFERROR(E137*MillingRate,"") -> 0 | N137: =IFERROR(E137*1000/F137,"") | O137: =IFERROR(M137+G137-N(H137),"") -> 2902 | P137: =IFERROR(M137*1000/I137,"") -> 0 | Q137: =IFERROR(O137*1000/I137,"") -> 22.62768 | R137: =IF(N(O137)<=0,"",M137/O137*100) -> 0 | S137: =IF(N(O137)<=0,"",G137/O137*100) -> 100 | T137: =IFERROR(M137/G137,"") -> 0 | U137: =IFERROR(N(H137)-G137,"") -> -2902 | V137: =IFERROR(J137*1000/I137,"") -> 5.2241715
A138: DJI | B138: Djibouti | C138: Eastern Africa | D138: 1969 | G138: 5230 | H138: 0 | I138: 136078 | J138: 1124 | K138: 0 | M138: =IFERROR(E138*MillingRate,"") -> 0 | N138: =IFERROR(E138*1000/F138,"") | O138: =IFERROR(M138+G138-N(H138),"") -> 5230 | P138: =IFERROR(M138*1000/I138,"") -> 0 | Q138: =IFERROR(O138*1000/I138,"") -> 38.433839 | R138: =IF(N(O138)<=0,"",M138/O138*100) -> 0 | S138: =IF(N(O138)<=0,"",G138/O138*100) -> 100 | T138: =IFERROR(M138/G138,"") -> 0 | U138: =IFERROR(N(H138)-G138,"") -> -5230 | V138: =IFERROR(J138*1000/I138,"") -> 8.2599685
A139: DJI | B139: Djibouti | C139: Eastern Africa | D139: 1970 | G139: 5230 | H139: 0 | I139: 145175 | J139: 1124 | K139: 0 | M139: =IFERROR(E139*MillingRate,"") -> 0 | N139: =IFERROR(E139*1000/F139,"") | O139: =IFERROR(M139+G139-N(H139),"") -> 5230 | P139: =IFERROR(M139*1000/I139,"") -> 0 | Q139: =IFERROR(O139*1000/I139,"") -> 36.025486 | R139: =IF(N(O139)<=0,"",M139/O139*100) -> 0 | S139: =IF(N(O139)<=0,"",G139/O139*100) -> 100 | T139: =IFERROR(M139/G139,"") -> 0 | U139: =IFERROR(N(H139)-G139,"") -> -5230 | V139: =IFERROR(J139*1000/I139,"") -> 7.7423799
A140: DJI | B140: Djibouti | C140: Eastern Africa | D140: 1971 | G140: 5530 | H140: 0 | I140: 155136 | J140: 1100 | K140: 0 | M140: =IFERROR(E140*MillingRate,"") -> 0 | N140: =IFERROR(E140*1000/F140,"") | O140: =IFERROR(M140+G140-N(H140),"") -> 5530 | P140: =IFERROR(M140*1000/I140,"") -> 0 | Q140: =IFERROR(O140*1000/I140,"") -> 35.646143 | R140: =IF(N(O140)<=0,"",M140/O140*100) -> 0 | S140: =IF(N(O140)<=0,"",G140/O140*100) -> 100 | T140: =IFERROR(M140/G140,"") -> 0 | U140: =IFERROR(N(H140)-G140,"") -> -5530 | V140: =IFERROR(J140*1000/I140,"") -> 7.0905528
A141: DJI | B141: Djibouti | C141: Eastern Africa | D141: 1972 | G141: 6000 | H141: 0 | I141: 166256 | J141: 1400 | K141: 0 | M141: =IFERROR(E141*MillingRate,"") -> 0 | N141: =IFERROR(E141*1000/F141,"") | O141: =IFERROR(M141+G141-N(H141),"") -> 6000 | P141: =IFERROR(M141*1000/I141,"") -> 0 | Q141: =IFERROR(O141*1000/I141,"") -> 36.088923 | R141: =IF(N(O141)<=0,"",M141/O141*100) -> 0 | S141: =IF(N(O141)<=0,"",G141/O141*100) -> 100 | T141: =IFERROR(M141/G141,"") -> 0 | U141: =IFERROR(N(H141)-G141,"") -> -6000 | V141: =IFERROR(J141*1000/I141,"") -> 8.4207487
... A176: DJI | B176: Djibouti | C176: Eastern Africa | D176: 2007 | G176: 62043.77 | H176: 0 | I176: 874528 | J176: 26288 | K176: 0 | M176: =IFERROR(E176*MillingRate,"") -> 0 | N176: =IFERROR(E176*1000/F176,"") | O176: =IFERROR(M176+G176-N(H176),"") -> 62043.77 | P176: =IFERROR(M176*1000/I176,"") -> 0 | Q176: =IFERROR(O176*1000/I176,"") -> 70.945436 | R176: =IF(N(O176)<=0,"",M176/O176*100) -> 0 | S176: =IF(N(O176)<=0,"",G176/O176*100) -> 100 | T176: =IFERROR(M176/G176,"") -> 0 | U176: =IFERROR(N(H176)-G176,"") -> -62043.77 | V176: =IFERROR(J176*1000/I176,"") -> 30.059644
A177: DJI | B177: Djibouti | C177: Eastern Africa | D177: 2008 | G177: 23271.1 | I177: 892734 | J177: 15000 | M177: =IFERROR(E177*MillingRate,"") -> 0 | N177: =IFERROR(E177*1000/F177,"") | O177: =IFERROR(M177+G177-N(H177),"") -> 23271.1 | P177: =IFERROR(M177*1000/I177,"") -> 0 | Q177: =IFERROR(O177*1000/I177,"") -> 26.067227 | R177: =IF(N(O177)<=0,"",M177/O177*100) -> 0 | S177: =IF(N(O177)<=0,"",G177/O177*100) -> 100 | T177: =IFERROR(M177/G177,"") -> 0 | U177: =IFERROR(N(H177)-G177,"") -> -23271.1 | V177: =IFERROR(J177*1000/I177,"") -> 16.802317
A178: DJI | B178: Djibouti | C178: Eastern Africa | D178: 2009 | G178: 24111.63 | I178: 911527 | J178: 17761 | M178: =IFERROR(E178*MillingRate,"") -> 0 | N178: =IFERROR(E178*1000/F178,"") | O178: =IFERROR(M178+G178-N(H178),"") -> 24111.63 | P178: =IFERROR(M178*1000/I178,"") -> 0 | Q178: =IFERROR(O178*1000/I178,"") -> 26.45191 | R178: =IF(N(O178)<=0,"",M178/O178*100) -> 0 | S178: =IF(N(O178)<=0,"",G178/O178*100) -> 100 | T178: =IFERROR(M178/G178,"") -> 0 | U178: =IFERROR(N(H178)-G178,"") -> -24111.63 | V178: =IFERROR(J178*1000/I178,"") -> 19.484886
A179: DJI | B179: Djibouti | C179: Eastern Africa | D179: 2010 | G179: 31935.75 | H179: 5112.23 | I179: 930251 | J179: 16625 | K179: 1675 | M179: =IFERROR(E179*MillingRate,"") -> 0 | N179: =IFERROR(E179*1000/F179,"") | O179: =IFERROR(M179+G179-N(H179),"") -> 26823.52 | P179: =IFERROR(M179*1000/I179,"") -> 0 | Q179: =IFERROR(O179*1000/I179,"") -> 28.834712 | R179: =IF(N(O179)<=0,"",M179/O179*100) -> 0 | S179: =IF(N(O179)<=0,"",G179/O179*100) -> 119.05876 | T179: =IFERROR(M179/G179,"") -> 0 | U179: =IFERROR(N(H179)-G179,"") -> -26823.52 | V179: =IFERROR(J179*1000/I179,"") -> 17.871521
A180: DJI | B180: Djibouti | C180: Eastern Africa | D180: 2011 | G180: 50613 | I180: 948558 | J180: 28624 | M180: =IFERROR(E180*MillingRate,"") -> 0 | N180: =IFERROR(E180*1000/F180,"") | O180: =IFERROR(M180+G180-N(H180),"") -> 50613 | P180: =IFERROR(M180*1000/I180,"") -> 0 | Q180: =IFERROR(O180*1000/I180,"") -> 53.357834 | R180: =IF(N(O180)<=0,"",M180/O180*100) -> 0 | S180: =IF(N(O180)<=0,"",G180/O180*100) -> 100 | T180: =IFERROR(M180/G180,"") -> 0 | U180: =IFERROR(N(H180)-G180,"") -> -50613 | V180: =IFERROR(J180*1000/I180,"") -> 30.176331
A181: DJI | B181: Djibouti | C181: Eastern Africa | D181: 2012 | G181: 66920.2 | I181: 966747 | J181: 31234 | M181: =IFERROR(E181*MillingRate,"") -> 0 | N181: =IFERROR(E181*1000/F181,"") | O181: =IFERROR(M181+G181-N(H181),"") -> 66920.2 | P181: =IFERROR(M181*1000/I181,"") -> 0 | Q181: =IFERROR(O181*1000/I181,"") -> 69.222041 | R181: =IF(N(O181)<=0,"",M181/O181*100) -> 0 | S181: =IF(N(O181)<=0,"",G181/O181*100) -> 100 | T181: =IFERROR(M181/G181,"") -> 0 | U181: =IFERROR(N(H181)-G181,"") -> -66920.2 | V181: =IFERROR(J181*1000/I181,"") -> 32.30835
A182: DJI | B182: Djibouti | C182: Eastern Africa | D182: 2013 | G182: 107395.8 | I182: 984824 | J182: 51893 | M182: =IFERROR(E182*MillingRate,"") -> 0 | N182: =IFERROR(E182*1000/F182,"") | O182: =IFERROR(M182+G182-N(H182),"") -> 107395.8 | P182: =IFERROR(M182*1000/I182,"") -> 0 | Q182: =IFERROR(O182*1000/I182,"") -> 109.05075 | R182: =IF(N(O182)<=0,"",M182/O182*100) -> 0 | S182: =IF(N(O182)<=0,"",G182/O182*100) -> 100 | T182: =IFERROR(M182/G182,"") -> 0 | U182: =IFERROR(N(H182)-G182,"") -> -107395.8 | V182: =IFERROR(J182*1000/I182,"") -> 52.692664
A183: DJI | B183: Djibouti | C183: Eastern Africa | D183: 2014 | G183: 112637.86 | I183: 1002717 | J183: 53772 | M183: =IFERROR(E183*MillingRate,"") -> 0 | N183: =IFERROR(E183*1000/F183,"") | O183: =IFERROR(M183+G183-N(H183),"") -> 112637.86 | P183: =IFERROR(M183*1000/I183,"") -> 0 | Q183: =IFERROR(O183*1000/I183,"") -> 112.33265 | R183: =IF(N(O183)<=0,"",M183/O183*100) -> 0 | S183: =IF(N(O183)<=0,"",G183/O183*100) -> 100 | T183: =IFERROR(M183/G183,"") -> 0 | U183: =IFERROR(N(H183)-G183,"") -> -112637.86 | V183: =IFERROR(J183*1000/I183,"") -> 53.626297
A184: DJI | B184: Djibouti | C184: Eastern Africa | D184: 2015 | G184: 180773.5 | I184: 1020313 | J184: 74825 | M184: =IFERROR(E184*MillingRate,"") -> 0 | N184: =IFERROR(E184*1000/F184,"") | O184: =IFERROR(M184+G184-N(H184),"") -> 180773.5 | P184: =IFERROR(M184*1000/I184,"") -> 0 | Q184: =IFERROR(O184*1000/I184,"") -> 177.17455 | R184: =IF(N(O184)<=0,"",M184/O184*100) -> 0 | S184: =IF(N(O184)<=0,"",G184/O184*100) -> 100 | T184: =IFERROR(M184/G184,"") -> 0 | U184: =IFERROR(N(H184)-G184,"") -> -180773.5 | V184: =IFERROR(J184*1000/I184,"") -> 73.335339
A185: DJI | B185: Djibouti | C185: Eastern Africa | D185: 2016 | G185: 184265.18 | I185: 1037653 | J185: 72453 | M185: =IFERROR(E185*MillingRate,"") -> 0 | N185: =IFERROR(E185*1000/F185,"") | O185: =IFERROR(M185+G185-N(H185),"") -> 184265.18 | P185: =IFERROR(M185*1000/I185,"") -> 0 | Q185: =IFERROR(O185*1000/I185,"") -> 177.57881 | R185: =IF(N(O185)<=0,"",M185/O185*100) -> 0 | S185: =IF(N(O185)<=0,"",G185/O185*100) -> 100 | T185: =IFERROR(M185/G185,"") -> 0 | U185: =IFERROR(N(H185)-G185,"") -> -184265.18 | V185: =IFERROR(J185*1000/I185,"") -> 69.82392
A186: DJI | B186: Djibouti | C186: Eastern Africa | D186: 2017 | G186: 283037.64 | I186: 1054841 | J186: 118133 | M186: =IFERROR(E186*MillingRate,"") -> 0 | N186: =IFERROR(E186*1000/F186,"") | O186: =IFERROR(M186+G186-N(H186),"") -> 283037.64 | P186: =IFERROR(M186*1000/I186,"") -> 0 | Q186: =IFERROR(O186*1000/I186,"") -> 268.32256 | R186: =IF(N(O186)<=0,"",M186/O186*100) -> 0 | S186: =IF(N(O186)<=0,"",G186/O186*100) -> 100 | T186: =IFERROR(M186/G186,"") -> 0 | U186: =IFERROR(N(H186)-G186,"") -> -283037.64 | V186: =IFERROR(J186*1000/I186,"") -> 111.99129
A187: DJI | B187: Djibouti | C187: Eastern Africa | D187: 2018 | G187: 241470.18 | I187: 1071882 | J187: 98833 | M187: =IFERROR(E187*MillingRate,"") -> 0 | N187: =IFERROR(E187*1000/F187,"") | O187: =IFERROR(M187+G187-N(H187),"") -> 241470.18 | P187: =IFERROR(M187*1000/I187,"") -> 0 | Q187: =IFERROR(O187*1000/I187,"") -> 225.27683 | R187: =IF(N(O187)<=0,"",M187/O187*100) -> 0 | S187: =IF(N(O187)<=0,"",G187/O187*100) -> 100 | T187: =IFERROR(M187/G187,"") -> 0 | U187: =IFERROR(N(H187)-G187,"") -> -241470.18 | V187: =IFERROR(J187*1000/I187,"") -> 92.205112
A188: DJI | B188: Djibouti | C188: Eastern Africa | D188: 2019 | G188: 316999.47 | I188: 1088709 | J188: 126651 | M188: =IFERROR(E188*MillingRate,"") -> 0 | N188: =IFERROR(E188*1000/F188,"") | O188: =IFERROR(M188+G188-N(H188),"") -> 316999.47 | P188: =IFERROR(M188*1000/I188,"") -> 0 | Q188: =IFERROR(O188*1000/I188,"") -> 291.17006 | R188: =IF(N(O188)<=0,"",M188/O188*100) -> 0 | S188: =IF(N(O188)<=0,"",G188/O188*100) -> 100 | T188: =IFERROR(M188/G188,"") -> 0 | U188: =IFERROR(N(H188)-G188,"") -> -316999.47 | V188: =IFERROR(J188*1000/I188,"") -> 116.33136
A189: DJI | B189: Djibouti | C189: Eastern Africa | D189: 2020 | G189: 352580.81 | I189: 1105188 | J189: 136702 | M189: =IFERROR(E189*MillingRate,"") -> 0 | N189: =IFERROR(E189*1000/F189,"") | O189: =IFERROR(M189+G189-N(H189),"") -> 352580.81 | P189: =IFERROR(M189*1000/I189,"") -> 0 | Q189: =IFERROR(O189*1000/I189,"") -> 319.02338 | R189: =IF(N(O189)<=0,"",M189/O189*100) -> 0 | S189: =IF(N(O189)<=0,"",G189/O189*100) -> 100 | T189: =IFERROR(M189/G189,"") -> 0 | U189: =IFERROR(N(H189)-G189,"") -> -352580.81 | V189: =IFERROR(J189*1000/I189,"") -> 123.69117
A190: DJI | B190: Djibouti | C190: Eastern Africa | D190: 2021 | G190: 592610.71 | H190: 562528.21 | I190: 1121248 | J190: 280226 | K190: 250235 | M190: =IFERROR(E190*MillingRate,"") -> 0 | N190: =IFERROR(E190*1000/F190,"") | O190: =IFERROR(M190+G190-N(H190),"") -> 30082.5 | P190: =IFERROR(M190*1000/I190,"") -> 0 | Q190: =IFERROR(O190*1000/I190,"") -> 26.829479 | R190: =IF(N(O190)<=0,"",M190/O190*100) -> 0 | S190: =IF(N(O190)<=0,"",G190/O190*100) -> 1969.9517 | T190: =IFERROR(M190/G190,"") -> 0 | U190: =IFERROR(N(H190)-G190,"") -> -30082.5 | V190: =IFERROR(J190*1000/I190,"") -> 249.9233
A191: DJI | B191: Djibouti | C191: Eastern Africa | D191: 2022 | G191: 530823.42 | H191: 500496.38 | I191: 1137096 | J191: 251024 | K191: 260021 | M191: =IFERROR(E191*MillingRate,"") -> 0 | N191: =IFERROR(E191*1000/F191,"") | O191: =IFERROR(M191+G191-N(H191),"") -> 30327.04 | P191: =IFERROR(M191*1000/I191,"") -> 0 | Q191: =IFERROR(O191*1000/I191,"") -> 26.670607 | R191: =IF(N(O191)<=0,"",M191/O191*100) -> 0 | S191: =IF(N(O191)<=0,"",G191/O191*100) -> 1750.3305 | T191: =IFERROR(M191/G191,"") -> 0 | U191: =IFERROR(N(H191)-G191,"") -> -30327.04 | V191: =IFERROR(J191*1000/I191,"") -> 220.75885
A192: DJI | B192: Djibouti | C192: Eastern Africa | D192: 2023 | G192: 497538.09 | H192: 494165.68 | I192: 1152944 | J192: 273554 | K192: 258698 | M192: =IFERROR(E192*MillingRate,"") -> 0 | N192: =IFERROR(E192*1000/F192,"") | O192: =IFERROR(M192+G192-N(H192),"") -> 3372.41 | P192: =IFERROR(M192*1000/I192,"") -> 0 | Q192: =IFERROR(O192*1000/I192,"") -> 2.9250423 | R192: =IF(N(O192)<=0,"",M192/O192*100) -> 0 | S192: =IF(N(O192)<=0,"",G192/O192*100) -> 14753.191 | T192: =IFERROR(M192/G192,"") -> 0 | U192: =IFERROR(N(H192)-G192,"") -> -3372.41 | V192: =IFERROR(J192*1000/I192,"") -> 237.26564
A193: DJI | B193: Djibouti | C193: Eastern Africa | D193: 2024 | G193: 340987.83 | I193: 1168722 | J193: 187436 | M193: =IFERROR(E193*MillingRate,"") -> 0 | N193: =IFERROR(E193*1000/F193,"") | O193: =IFERROR(M193+G193-N(H193),"") -> 340987.83 | P193: =IFERROR(M193*1000/I193,"") -> 0 | Q193: =IFERROR(O193*1000/I193,"") -> 291.76128 | R193: =IF(N(O193)<=0,"",M193/O193*100) -> 0 | S193: =IF(N(O193)<=0,"",G193/O193*100) -> 100 | T193: =IFERROR(M193/G193,"") -> 0 | U193: =IFERROR(N(H193)-G193,"") -> -340987.83 | V193: =IFERROR(J193*1000/I193,"") -> 160.37689
A194: ERI | B194: Eritrea | C194: Eastern Africa | D194: 1993 | G194: 19 | I194: 1856006 | J194: 13 | M194: =IFERROR(E194*MillingRate,"") -> 0 | N194: =IFERROR(E194*1000/F194,"") | O194: =IFERROR(M194+G194-N(H194),"") -> 19 | P194: =IFERROR(M194*1000/I194,"") -> 0 | Q194: =IFERROR(O194*1000/I194,"") -> 0.010237036 | R194: =IF(N(O194)<=0,"",M194/O194*100) -> 0 | S194: =IF(N(O194)<=0,"",G194/O194*100) -> 100 | T194: =IFERROR(M194/G194,"") -> 0 | U194: =IFERROR(N(H194)-G194,"") -> -19 | V194: =IFERROR(J194*1000/I194,"") -> 0.0070042877
A195: ERI | B195: Eritrea | C195: Eastern Africa | D195: 1994 | G195: 2800 | I195: 1913915 | J195: 1000 | M195: =IFERROR(E195*MillingRate,"") -> 0 | N195: =IFERROR(E195*1000/F195,"") | O195: =IFERROR(M195+G195-N(H195),"") -> 2800 | P195: =IFERROR(M195*1000/I195,"") -> 0 | Q195: =IFERROR(O195*1000/I195,"") -> 1.4629699 | R195: =IF(N(O195)<=0,"",M195/O195*100) -> 0 | S195: =IF(N(O195)<=0,"",G195/O195*100) -> 100 | T195: =IFERROR(M195/G195,"") -> 0 | U195: =IFERROR(N(H195)-G195,"") -> -2800 | V195: =IFERROR(J195*1000/I195,"") -> 0.52248924
A196: ERI | B196: Eritrea | C196: Eastern Africa | D196: 1995 | G196: 3000 | I196: 2025267 | J196: 1000 | M196: =IFERROR(E196*MillingRate,"") -> 0 | N196: =IFERROR(E196*1000/F196,"") | O196: =IFERROR(M196+G196-N(H196),"") -> 3000 | P196: =IFERROR(M196*1000/I196,"") -> 0 | Q196: =IFERROR(O196*1000/I196,"") -> 1.4812862 | R196: =IF(N(O196)<=0,"",M196/O196*100) -> 0 | S196: =IF(N(O196)<=0,"",G196/O196*100) -> 100 | T196: =IFERROR(M196/G196,"") -> 0 | U196: =IFERROR(N(H196)-G196,"") -> -3000 | V196: =IFERROR(J196*1000/I196,"") -> 0.49376206
A197: ERI | B197: Eritrea | C197: Eastern Africa | D197: 1996 | G197: 18210 | I197: 2128464 | J197: 6400 | M197: =IFERROR(E197*MillingRate,"") -> 0 | N197: =IFERROR(E197*1000/F197,"") | O197: =IFERROR(M197+G197-N(H197),"") -> 18210 | P197: =IFERROR(M197*1000/I197,"") -> 0 | Q197: =IFERROR(O197*1000/I197,"") -> 8.5554653 | R197: =IF(N(O197)<=0,"",M197/O197*100) -> 0 | S197: =IF(N(O197)<=0,"",G197/O197*100) -> 100 | T197: =IFERROR(M197/G197,"") -> 0 | U197: =IFERROR(N(H197)-G197,"") -> -18210 | V197: =IFERROR(J197*1000/I197,"") -> 3.0068632
A198: ERI | B198: Eritrea | C198: Eastern Africa | D198: 1997 | G198: 2003 | I198: 2152135 | J198: 600 | M198: =IFERROR(E198*MillingRate,"") -> 0 | N198: =IFERROR(E198*1000/F198,"") | O198: =IFERROR(M198+G198-N(H198),"") -> 2003 | P198: =IFERROR(M198*1000/I198,"") -> 0 | Q198: =IFERROR(O198*1000/I198,"") -> 0.9307037 | R198: =IF(N(O198)<=0,"",M198/O198*100) -> 0 | S198: =IF(N(O198)<=0,"",G198/O198*100) -> 100 | T198: =IFERROR(M198/G198,"") -> 0 | U198: =IFERROR(N(H198)-G198,"") -> -2003 | V198: =IFERROR(J198*1000/I198,"") -> 0.27879292
A199: ERI | B199: Eritrea | C199: Eastern Africa | D199: 1998 | G199: 7200 | I199: 2180419 | J199: 2200 | M199: =IFERROR(E199*MillingRate,"") -> 0 | N199: =IFERROR(E199*1000/F199,"") | O199: =IFERROR(M199+G199-N(H199),"") -> 7200 | P199: =IFERROR(M199*1000/I199,"") -> 0 | Q199: =IFERROR(O199*1000/I199,"") -> 3.3021176 | R199: =IF(N(O199)<=0,"",M199/O199*100) -> 0 | S199: =IF(N(O199)<=0,"",G199/O199*100) -> 100 | T199: =IFERROR(M199/G199,"") -> 0 | U199: =IFERROR(N(H199)-G199,"") -> -7200 | V199: =IFERROR(J199*1000/I199,"") -> 1.0089804
A200: ERI | B200: Eritrea | C200: Eastern Africa | D200: 1999 | G200: 0 | I200: 2212780 | J200: 0 | M200: =IFERROR(E200*MillingRate,"") -> 0 | N200: =IFERROR(E200*1000/F200,"") | O200: =IFERROR(M200+G200-N(H200),"") -> 0 | P200: =IFERROR(M200*1000/I200,"") -> 0 | Q200: =IFERROR(O200*1000/I200,"") -> 0 | R200: =IF(N(O200)<=0,"",M200/O200*100) | S200: =IF(N(O200)<=0,"",G200/O200*100) | T200: =IFERROR(M200/G200,"") | U200: =IFERROR(N(H200)-G200,"") -> 0 | V200: =IFERROR(J200*1000/I200,"") -> 0
A201: ERI | B201: Eritrea | C201: Eastern Africa | D201: 2000 | G201: 59.65 | I201: 2247031 | J201: 19 | M201: =IFERROR(E201*MillingRate,"") -> 0 | N201: =IFERROR(E201*1000/F201,"") | O201: =IFERROR(M201+G201-N(H201),"") -> 59.65 | P201: =IFERROR(M201*1000/I201,"") -> 0 | Q201: =IFERROR(O201*1000/I201,"") -> 0.02654614 | R201: =IF(N(O201)<=0,"",M201/O201*100) -> 0 | S201: =IF(N(O201)<=0,"",G201/O201*100) -> 100 | T201: =IFERROR(M201/G201,"") -> 0 | U201: =IFERROR(N(H201)-G201,"") -> -59.65 | V201: =IFERROR(J201*1000/I201,"") -> 0.0084556021
A202: ERI | B202: Eritrea | C202: Eastern Africa | D202: 2001 | G202: 2070 | I202: 2312079 | J202: 620 | M202: =IFERROR(E202*MillingRate,"") -> 0 | N202: =IFERROR(E202*1000/F202,"") | O202: =IFERROR(M202+G202-N(H202),"") -> 2070 | P202: =IFERROR(M202*1000/I202,"") -> 0 | Q202: =IFERROR(O202*1000/I202,"") -> 0.89529813 | R202: =IF(N(O202)<=0,"",M202/O202*100) -> 0 | S202: =IF(N(O202)<=0,"",G202/O202*100) -> 100 | T202: =IFERROR(M202/G202,"") -> 0 | U202: =IFERROR(N(H202)-G202,"") -> -2070 | V202: =IFERROR(J202*1000/I202,"") -> 0.26815693
A203: ERI | B203: Eritrea | C203: Eastern Africa | D203: 2002 | G203: 66 | I203: 2392978 | J203: 34 | M203: =IFERROR(E203*MillingRate,"") -> 0 | N203: =IFERROR(E203*1000/F203,"") | O203: =IFERROR(M203+G203-N(H203),"") -> 66 | P203: =IFERROR(M203*1000/I203,"") -> 0 | Q203: =IFERROR(O203*1000/I203,"") -> 0.027580697 | R203: =IF(N(O203)<=0,"",M203/O203*100) -> 0 | S203: =IF(N(O203)<=0,"",G203/O203*100) -> 100 | T203: =IFERROR(M203/G203,"") -> 0 | U203: =IFERROR(N(H203)-G203,"") -> -66 | V203: =IFERROR(J203*1000/I203,"") -> 0.014208238
A204: ERI | B204: Eritrea | C204: Eastern Africa | D204: 2003 | G204: 133.19 | I204: 2493903 | J204: 34 | M204: =IFERROR(E204*MillingRate,"") -> 0 | N204: =IFERROR(E204*1000/F204,"") | O204: =IFERROR(M204+G204-N(H204),"") -> 133.19 | P204: =IFERROR(M204*1000/I204,"") -> 0 | Q204: =IFERROR(O204*1000/I204,"") -> 0.053406247 | R204: =IF(N(O204)<=0,"",M204/O204*100) -> 0 | S204: =IF(N(O204)<=0,"",G204/O204*100) -> 100 | T204: =IFERROR(M204/G204,"") -> 0 | U204: =IFERROR(N(H204)-G204,"") -> -133.19 | V204: =IFERROR(J204*1000/I204,"") -> 0.013633249
... A207: ERI | B207: Eritrea | C207: Eastern Africa | D207: 2006 | G207: 82.12 | I207: 2703502 | J207: 30 | M207: =IFERROR(E207*MillingRate,"") -> 0 | N207: =IFERROR(E207*1000/F207,"") | O207: =IFERROR(M207+G207-N(H207),"") -> 82.12 | P207: =IFERROR(M207*1000/I207,"") -> 0 | Q207: =IFERROR(O207*1000/I207,"") -> 0.030375417 | R207: =IF(N(O207)<=0,"",M207/O207*100) -> 0 | S207: =IF(N(O207)<=0,"",G207/O207*100) -> 100 | T207: =IFERROR(M207/G207,"") -> 0 | U207: =IFERROR(N(H207)-G207,"") -> -82.12 | V207: =IFERROR(J207*1000/I207,"") -> 0.011096718
A208: ERI | B208: Eritrea | C208: Eastern Africa | D208: 2007 | G208: 315 | H208: 0.03 | I208: 2743222 | J208: 161 | K208: 0 | M208: =IFERROR(E208*MillingRate,"") -> 0 | N208: =IFERROR(E208*1000/F208,"") | O208: =IFERROR(M208+G208-N(H208),"") -> 314.97 | P208: =IFERROR(M208*1000/I208,"") -> 0 | Q208: =IFERROR(O208*1000/I208,"") -> 0.11481754 | R208: =IF(N(O208)<=0,"",M208/O208*100) -> 0 | S208: =IF(N(O208)<=0,"",G208/O208*100) -> 100.00952 | T208: =IFERROR(M208/G208,"") -> 0 | U208: =IFERROR(N(H208)-G208,"") -> -314.97 | V208: =IFERROR(J208*1000/I208,"") -> 0.05869011
A209: ERI | B209: Eritrea | C209: Eastern Africa | D209: 2008 | G209: 570 | I209: 2816327 | J209: 570 | M209: =IFERROR(E209*MillingRate,"") -> 0 | N209: =IFERROR(E209*1000/F209,"") | O209: =IFERROR(M209+G209-N(H209),"") -> 570 | P209: =IFERROR(M209*1000/I209,"") -> 0 | Q209: =IFERROR(O209*1000/I209,"") -> 0.20239127 | R209: =IF(N(O209)<=0,"",M209/O209*100) -> 0 | S209: =IF(N(O209)<=0,"",G209/O209*100) -> 100 | T209: =IFERROR(M209/G209,"") -> 0 | U209: =IFERROR(N(H209)-G209,"") -> -570 | V209: =IFERROR(J209*1000/I209,"") -> 0.20239127
A210: ERI | B210: Eritrea | C210: Eastern Africa | D210: 2009 | G210: 662.41 | I210: 2887885 | J210: 447 | M210: =IFERROR(E210*MillingRate,"") -> 0 | N210: =IFERROR(E210*1000/F210,"") | O210: =IFERROR(M210+G210-N(H210),"") -> 662.41 | P210: =IFERROR(M210*1000/I210,"") -> 0 | Q210: =IFERROR(O210*1000/I210,"") -> 0.22937548 | R210: =IF(N(O210)<=0,"",M210/O210*100) -> 0 | S210: =IF(N(O210)<=0,"",G210/O210*100) -> 100 | T210: =IFERROR(M210/G210,"") -> 0 | U210: =IFERROR(N(H210)-G210,"") -> -662.41 | V210: =IFERROR(J210*1000/I210,"") -> 0.15478456
A211: ERI | B211: Eritrea | C211: Eastern Africa | D211: 2010 | G211: 600 | I211: 2945186 | J211: 400 | M211: =IFERROR(E211*MillingRate,"") -> 0 | N211: =IFERROR(E211*1000/F211,"") | O211: =IFERROR(M211+G211-N(H211),"") -> 600 | P211: =IFERROR(M211*1000/I211,"") -> 0 | Q211: =IFERROR(O211*1000/I211,"") -> 0.20372228 | R211: =IF(N(O211)<=0,"",M211/O211*100) -> 0 | S211: =IF(N(O211)<=0,"",G211/O211*100) -> 100 | T211: =IFERROR(M211/G211,"") -> 0 | U211: =IFERROR(N(H211)-G211,"") -> -600 | V211: =IFERROR(J211*1000/I211,"") -> 0.13581485
A212: ERI | B212: Eritrea | C212: Eastern Africa | D212: 2011 | G212: 1287.95 | I212: 2998485 | J212: 582 | M212: =IFERROR(E212*MillingRate,"") -> 0 | N212: =IFERROR(E212*1000/F212,"") | O212: =IFERROR(M212+G212-N(H212),"") -> 1287.95 | P212: =IFERROR(M212*1000/I212,"") -> 0 | Q212: =IFERROR(O212*1000/I212,"") -> 0.42953358 | R212: =IF(N(O212)<=0,"",M212/O212*100) -> 0 | S212: =IF(N(O212)<=0,"",G212/O212*100) -> 100 | T212: =IFERROR(M212/G212,"") -> 0 | U212: =IFERROR(N(H212)-G212,"") -> -1287.95 | V212: =IFERROR(J212*1000/I212,"") -> 0.19409802
A213: ERI | B213: Eritrea | C213: Eastern Africa | D213: 2012 | G213: 13.5 | I213: 3036988 | J213: 5 | M213: =IFERROR(E213*MillingRate,"") -> 0 | N213: =IFERROR(E213*1000/F213,"") | O213: =IFERROR(M213+G213-N(H213),"") -> 13.5 | P213: =IFERROR(M213*1000/I213,"") -> 0 | Q213: =IFERROR(O213*1000/I213,"") -> 0.0044451937 | R213: =IF(N(O213)<=0,"",M213/O213*100) -> 0 | S213: =IF(N(O213)<=0,"",G213/O213*100) -> 100 | T213: =IFERROR(M213/G213,"") -> 0 | U213: =IFERROR(N(H213)-G213,"") -> -13.5 | V213: =IFERROR(J213*1000/I213,"") -> 0.001646368
A214: ERI | B214: Eritrea | C214: Eastern Africa | D214: 2013 | G214: 457.35 | I214: 3074360 | J214: 296 | M214: =IFERROR(E214*MillingRate,"") -> 0 | N214: =IFERROR(E214*1000/F214,"") | O214: =IFERROR(M214+G214-N(H214),"") -> 457.35 | P214: =IFERROR(M214*1000/I214,"") -> 0 | Q214: =IFERROR(O214*1000/I214,"") -> 0.14876267 | R214: =IF(N(O214)<=0,"",M214/O214*100) -> 0 | S214: =IF(N(O214)<=0,"",G214/O214*100) -> 100 | T214: =IFERROR(M214/G214,"") -> 0 | U214: =IFERROR(N(H214)-G214,"") -> -457.35 | V214: =IFERROR(J214*1000/I214,"") -> 0.096280201
A215: ERI | B215: Eritrea | C215: Eastern Africa | D215: 2014 | G215: 968.8 | I215: 3095173 | J215: 570 | M215: =IFERROR(E215*MillingRate,"") -> 0 | N215: =IFERROR(E215*1000/F215,"") | O215: =IFERROR(M215+G215-N(H215),"") -> 968.8 | P215: =IFERROR(M215*1000/I215,"") -> 0 | Q215: =IFERROR(O215*1000/I215,"") -> 0.31300351 | R215: =IF(N(O215)<=0,"",M215/O215*100) -> 0 | S215: =IF(N(O215)<=0,"",G215/O215*100) -> 100 | T215: =IFERROR(M215/G215,"") -> 0 | U215: =IFERROR(N(H215)-G215,"") -> -968.8 | V215: =IFERROR(J215*1000/I215,"") -> 0.18415772
A216: ERI | B216: Eritrea | C216: Eastern Africa | D216: 2015 | G216: 283.92 | I216: 3105546 | J216: 184 | M216: =IFERROR(E216*MillingRate,"") -> 0 | N216: =IFERROR(E216*1000/F216,"") | O216: =IFERROR(M216+G216-N(H216),"") -> 283.92 | P216: =IFERROR(M216*1000/I216,"") -> 0 | Q216: =IFERROR(O216*1000/I216,"") -> 0.091423537 | R216: =IF(N(O216)<=0,"",M216/O216*100) -> 0 | S216: =IF(N(O216)<=0,"",G216/O216*100) -> 100 | T216: =IFERROR(M216/G216,"") -> 0 | U216: =IFERROR(N(H216)-G216,"") -> -283.92 | V216: =IFERROR(J216*1000/I216,"") -> 0.059248841
A217: ERI | B217: Eritrea | C217: Eastern Africa | D217: 2016 | G217: 549.98 | I217: 3124698 | J217: 220 | M217: =IFERROR(E217*MillingRate,"") -> 0 | N217: =IFERROR(E217*1000/F217,"") | O217: =IFERROR(M217+G217-N(H217),"") -> 549.98 | P217: =IFERROR(M217*1000/I217,"") -> 0 | Q217: =IFERROR(O217*1000/I217,"") -> 0.17601061 | R217: =IF(N(O217)<=0,"",M217/O217*100) -> 0 | S217: =IF(N(O217)<=0,"",G217/O217*100) -> 100 | T217: =IFERROR(M217/G217,"") -> 0 | U217: =IFERROR(N(H217)-G217,"") -> -549.98 | V217: =IFERROR(J217*1000/I217,"") -> 0.070406804
A218: ERI | B218: Eritrea | C218: Eastern Africa | D218: 2017 | G218: 585.77 | I218: 3150347 | J218: 367 | M218: =IFERROR(E218*MillingRate,"") -> 0 | N218: =IFERROR(E218*1000/F218,"") | O218: =IFERROR(M218+G218-N(H218),"") -> 585.77 | P218: =IFERROR(M218*1000/I218,"") -> 0 | Q218: =IFERROR(O218*1000/I218,"") -> 0.18593825 | R218: =IF(N(O218)<=0,"",M218/O218*100) -> 0 | S218: =IF(N(O218)<=0,"",G218/O218*100) -> 100 | T218: =IFERROR(M218/G218,"") -> 0 | U218: =IFERROR(N(H218)-G218,"") -> -585.77 | V218: =IFERROR(J218*1000/I218,"") -> 0.1164951
A219: ERI | B219: Eritrea | C219: Eastern Africa | D219: 2018 | G219: 583.1 | I219: 3192760 | J219: 353 | M219: =IFERROR(E219*MillingRate,"") -> 0 | N219: =IFERROR(E219*1000/F219,"") | O219: =IFERROR(M219+G219-N(H219),"") -> 583.1 | P219: =IFERROR(M219*1000/I219,"") -> 0 | Q219: =IFERROR(O219*1000/I219,"") -> 0.18263195 | R219: =IF(N(O219)<=0,"",M219/O219*100) -> 0 | S219: =IF(N(O219)<=0,"",G219/O219*100) -> 100 | T219: =IFERROR(M219/G219,"") -> 0 | U219: =IFERROR(N(H219)-G219,"") -> -583.1 | V219: =IFERROR(J219*1000/I219,"") -> 0.11056265
A220: ERI | B220: Eritrea | C220: Eastern Africa | D220: 2019 | G220: 586.07 | I220: 3240194 | J220: 324 | M220: =IFERROR(E220*MillingRate,"") -> 0 | N220: =IFERROR(E220*1000/F220,"") | O220: =IFERROR(M220+G220-N(H220),"") -> 586.07 | P220: =IFERROR(M220*1000/I220,"") -> 0 | Q220: =IFERROR(O220*1000/I220,"") -> 0.18087497 | R220: =IF(N(O220)<=0,"",M220/O220*100) -> 0 | S220: =IF(N(O220)<=0,"",G220/O220*100) -> 100 | T220: =IFERROR(M220/G220,"") -> 0 | U220: =IFERROR(N(H220)-G220,"") -> -586.07 | V220: =IFERROR(J220*1000/I220,"") -> 0.099994013
A221: ERI | B221: Eritrea | C221: Eastern Africa | D221: 2020 | G221: 1517.92 | H221: 0 | I221: 3291271 | J221: 1577 | K221: 0 | M221: =IFERROR(E221*MillingRate,"") -> 0 | N221: =IFERROR(E221*1000/F221,"") | O221: =IFERROR(M221+G221-N(H221),"") -> 1517.92 | P221: =IFERROR(M221*1000/I221,"") -> 0 | Q221: =IFERROR(O221*1000/I221,"") -> 0.46119569 | R221: =IF(N(O221)<=0,"",M221/O221*100) -> 0 | S221: =IF(N(O221)<=0,"",G221/O221*100) -> 100 | T221: =IFERROR(M221/G221,"") -> 0 | U221: =IFERROR(N(H221)-G221,"") -> -1517.92 | V221: =IFERROR(J221*1000/I221,"") -> 0.4791462
A222: ERI | B222: Eritrea | C222: Eastern Africa | D222: 2021 | G222: 370.72 | I222: 3350183 | J222: 998 | M222: =IFERROR(E222*MillingRate,"") -> 0 | N222: =IFERROR(E222*1000/F222,"") | O222: =IFERROR(M222+G222-N(H222),"") -> 370.72 | P222: =IFERROR(M222*1000/I222,"") -> 0 | Q222: =IFERROR(O222*1000/I222,"") -> 0.11065664 | R222: =IF(N(O222)<=0,"",M222/O222*100) -> 0 | S222: =IF(N(O222)<=0,"",G222/O222*100) -> 100 | T222: =IFERROR(M222/G222,"") -> 0 | U222: =IFERROR(N(H222)-G222,"") -> -370.72 | V222: =IFERROR(J222*1000/I222,"") -> 0.29789417
A223: ERI | B223: Eritrea | C223: Eastern Africa | D223: 2022 | G223: 1336.26 | I223: 3409447 | J223: 1031 | M223: =IFERROR(E223*MillingRate,"") -> 0 | N223: =IFERROR(E223*1000/F223,"") | O223: =IFERROR(M223+G223-N(H223),"") -> 1336.26 | P223: =IFERROR(M223*1000/I223,"") -> 0 | Q223: =IFERROR(O223*1000/I223,"") -> 0.39192866 | R223: =IF(N(O223)<=0,"",M223/O223*100) -> 0 | S223: =IF(N(O223)<=0,"",G223/O223*100) -> 100 | T223: =IFERROR(M223/G223,"") -> 0 | U223: =IFERROR(N(H223)-G223,"") -> -1336.26 | V223: =IFERROR(J223*1000/I223,"") -> 0.30239508
A224: ERI | B224: Eritrea | C224: Eastern Africa | D224: 2023 | G224: 375.35 | I224: 3470390 | J224: 465 | M224: =IFERROR(E224*MillingRate,"") -> 0 | N224: =IFERROR(E224*1000/F224,"") | O224: =IFERROR(M224+G224-N(H224),"") -> 375.35 | P224: =IFERROR(M224*1000/I224,"") -> 0 | Q224: =IFERROR(O224*1000/I224,"") -> 0.10815787 | R224: =IF(N(O224)<=0,"",M224/O224*100) -> 0 | S224: =IF(N(O224)<=0,"",G224/O224*100) -> 100 | T224: =IFERROR(M224/G224,"") -> 0 | U224: =IFERROR(N(H224)-G224,"") -> -375.35 | V224: =IFERROR(J224*1000/I224,"") -> 0.1339907
A225: ERI | B225: Eritrea | C225: Eastern Africa | D225: 2024 | G225: 1211.48 | I225: 3535603 | J225: 643 | M225: =IFERROR(E225*MillingRate,"") -> 0 | N225: =IFERROR(E225*1000/F225,"") | O225: =IFERROR(M225+G225-N(H225),"") -> 1211.48 | P225: =IFERROR(M225*1000/I225,"") -> 0 | Q225: =IFERROR(O225*1000/I225,"") -> 0.34265159 | R225: =IF(N(O225)<=0,"",M225/O225*100) -> 0 | S225: =IF(N(O225)<=0,"",G225/O225*100) -> 100 | T225: =IFERROR(M225/G225,"") -> 0 | U225: =IFERROR(N(H225)-G225,"") -> -1211.48 | V225: =IFERROR(J225*1000/I225,"") -> 0.18186431
...

Sheet USDA_PSD
A1: ISO3 | B1: Country | C1: Region | D1: Market year | E1: Production, milled (t) | F1: Area harvested (ha) | G1: Imports (t) | H1: Exports (t) | I1: Population (persons, UN WPP) | J1: Apparent consumption (t) | K1: PPC (kg/capita) | L1: CPC (kg/capita) | M1: SSR (%) | N1: IDR (%) | O1: Yield, milled (kg/ha)
A2: DJI | B2: Djibouti | C2: Eastern Africa | D2: 1983 | E2: 0 | F2: 0 | G2: 39000 | H2: 0 | I2: 369553 | J2: =IFERROR(E2+G2-N(H2),"") -> 39000 | K2: =IFERROR(E2*1000/I2,"") -> 0 | L2: =IFERROR(J2*1000/I2,"") -> 105.5329 | M2: =IF(N(J2)<=0,"",E2/J2*100) -> 0 | N2: =IF(N(J2)<=0,"",G2/J2*100) -> 100 | O2: =IFERROR(E2*1000/F2,"")
A3: DJI | B3: Djibouti | C3: Eastern Africa | D3: 1984 | E3: 0 | F3: 0 | G3: 50000 | H3: 0 | I3: 384053 | J3: =IFERROR(E3+G3-N(H3),"") -> 50000 | K3: =IFERROR(E3*1000/I3,"") -> 0 | L3: =IFERROR(J3*1000/I3,"") -> 130.19036 | M3: =IF(N(J3)<=0,"",E3/J3*100) -> 0 | N3: =IF(N(J3)<=0,"",G3/J3*100) -> 100 | O3: =IFERROR(E3*1000/F3,"")
A4: DJI | B4: Djibouti | C4: Eastern Africa | D4: 1985 | E4: 0 | F4: 0 | G4: 26000 | H4: 0 | I4: 402687 | J4: =IFERROR(E4+G4-N(H4),"") -> 26000 | K4: =IFERROR(E4*1000/I4,"") -> 0 | L4: =IFERROR(J4*1000/I4,"") -> 64.566276 | M4: =IF(N(J4)<=0,"",E4/J4*100) -> 0 | N4: =IF(N(J4)<=0,"",G4/J4*100) -> 100 | O4: =IFERROR(E4*1000/F4,"")
A5: DJI | B5: Djibouti | C5: Eastern Africa | D5: 1986 | E5: 0 | F5: 0 | G5: 17000 | H5: 0 | I5: 426341 | J5: =IFERROR(E5+G5-N(H5),"") -> 17000 | K5: =IFERROR(E5*1000/I5,"") -> 0 | L5: =IFERROR(J5*1000/I5,"") -> 39.874185 | M5: =IF(N(J5)<=0,"",E5/J5*100) -> 0 | N5: =IF(N(J5)<=0,"",G5/J5*100) -> 100 | O5: =IFERROR(E5*1000/F5,"")
A6: DJI | B6: Djibouti | C6: Eastern Africa | D6: 1987 | E6: 0 | F6: 0 | G6: 21000 | H6: 0 | I6: 454399 | J6: =IFERROR(E6+G6-N(H6),"") -> 21000 | K6: =IFERROR(E6*1000/I6,"") -> 0 | L6: =IFERROR(J6*1000/I6,"") -> 46.21489 | M6: =IF(N(J6)<=0,"",E6/J6*100) -> 0 | N6: =IF(N(J6)<=0,"",G6/J6*100) -> 100 | O6: =IFERROR(E6*1000/F6,"")
A7: DJI | B7: Djibouti | C7: Eastern Africa | D7: 1988 | E7: 0 | F7: 0 | G7: 15000 | H7: 0 | I7: 484523 | J7: =IFERROR(E7+G7-N(H7),"") -> 15000 | K7: =IFERROR(E7*1000/I7,"") -> 0 | L7: =IFERROR(J7*1000/I7,"") -> 30.958283 | M7: =IF(N(J7)<=0,"",E7/J7*100) -> 0 | N7: =IF(N(J7)<=0,"",G7/J7*100) -> 100 | O7: =IFERROR(E7*1000/F7,"")
A8: DJI | B8: Djibouti | C8: Eastern Africa | D8: 1989 | E8: 0 | F8: 0 | G8: 18000 | H8: 0 | I8: 523355 | J8: =IFERROR(E8+G8-N(H8),"") -> 18000 | K8: =IFERROR(E8*1000/I8,"") -> 0 | L8: =IFERROR(J8*1000/I8,"") -> 34.393481 | M8: =IF(N(J8)<=0,"",E8/J8*100) -> 0 | N8: =IF(N(J8)<=0,"",G8/J8*100) -> 100 | O8: =IFERROR(E8*1000/F8,"")
A9: DJI | B9: Djibouti | C9: Eastern Africa | D9: 1990 | E9: 0 | F9: 0 | G9: 46000 | H9: 0 | I9: 579538 | J9: =IFERROR(E9+G9-N(H9),"") -> 46000 | K9: =IFERROR(E9*1000/I9,"") -> 0 | L9: =IFERROR(J9*1000/I9,"") -> 79.37357 | M9: =IF(N(J9)<=0,"",E9/J9*100) -> 0 | N9: =IF(N(J9)<=0,"",G9/J9*100) -> 100 | O9: =IFERROR(E9*1000/F9,"")
A10: DJI | B10: Djibouti | C10: Eastern Africa | D10: 1991 | E10: 0 | F10: 0 | G10: 60000 | H10: 0 | I10: 631092 | J10: =IFERROR(E10+G10-N(H10),"") -> 60000 | K10: =IFERROR(E10*1000/I10,"") -> 0 | L10: =IFERROR(J10*1000/I10,"") -> 95.073302 | M10: =IF(N(J10)<=0,"",E10/J10*100) -> 0 | N10: =IF(N(J10)<=0,"",G10/J10*100) -> 100 | O10: =IFERROR(E10*1000/F10,"")
A11: DJI | B11: Djibouti | C11: Eastern Africa | D11: 1992 | E11: 0 | F11: 0 | G11: 61000 | H11: 0 | I11: 626010 | J11: =IFERROR(E11+G11-N(H11),"") -> 61000 | K11: =IFERROR(E11*1000/I11,"") -> 0 | L11: =IFERROR(J11*1000/I11,"") -> 97.442533 | M11: =IF(N(J11)<=0,"",E11/J11*100) -> 0 | N11: =IF(N(J11)<=0,"",G11/J11*100) -> 100 | O11: =IFERROR(E11*1000/F11,"")
A12: DJI | B12: Djibouti | C12: Eastern Africa | D12: 1993 | E12: 0 | F12: 0 | G12: 51000 | H12: 0 | I12: 614245 | J12: =IFERROR(E12+G12-N(H12),"") -> 51000 | K12: =IFERROR(E12*1000/I12,"") -> 0 | L12: =IFERROR(J12*1000/I12,"") -> 83.028759 | M12: =IF(N(J12)<=0,"",E12/J12*100) -> 0 | N12: =IF(N(J12)<=0,"",G12/J12*100) -> 100 | O12: =IFERROR(E12*1000/F12,"")
A13: DJI | B13: Djibouti | C13: Eastern Africa | D13: 1994 | E13: 0 | F13: 0 | G13: 19000 | H13: 0 | I13: 626710 | J13: =IFERROR(E13+G13-N(H13),"") -> 19000 | K13: =IFERROR(E13*1000/I13,"") -> 0 | L13: =IFERROR(J13*1000/I13,"") -> 30.317053 | M13: =IF(N(J13)<=0,"",E13/J13*100) -> 0 | N13: =IF(N(J13)<=0,"",G13/J13*100) -> 100 | O13: =IFERROR(E13*1000/F13,"")
... A1251: MAR | B1251: Morocco | C1251: Northern Africa | D1251: 2026 | E1251: 55000 | F1251: 9000 | G1251: 160000 | H1251: 0 | I1251: 38762441 | J1251: =IFERROR(E1251+G1251-N(H1251),"") -> 215000 | K1251: =IFERROR(E1251*1000/I1251,"") -> 1.4188993 | L1251: =IFERROR(J1251*1000/I1251,"") -> 5.5466063 | M1251: =IF(N(J1251)<=0,"",E1251/J1251*100) -> 25.581395 | N1251: =IF(N(J1251)<=0,"",G1251/J1251*100) -> 74.418605 | O1251: =IFERROR(E1251*1000/F1251,"") -> 6111.1111
A1252: SDN | B1252: Sudan | C1252: Northern Africa | D1252: 1960 | E1252: 1000 | F1252: 1000 | G1252: 4000 | H1252: 0 | J1252: =IFERROR(E1252+G1252-N(H1252),"") -> 5000 | K1252: =IFERROR(E1252*1000/I1252,"") | L1252: =IFERROR(J1252*1000/I1252,"") | M1252: =IF(N(J1252)<=0,"",E1252/J1252*100) -> 20 | N1252: =IF(N(J1252)<=0,"",G1252/J1252*100) -> 80 | O1252: =IFERROR(E1252*1000/F1252,"") -> 1000
A1253: SDN | B1253: Sudan | C1253: Northern Africa | D1253: 1961 | E1253: 1000 | F1253: 1000 | G1253: 4000 | H1253: 0 | J1253: =IFERROR(E1253+G1253-N(H1253),"") -> 5000 | K1253: =IFERROR(E1253*1000/I1253,"") | L1253: =IFERROR(J1253*1000/I1253,"") | M1253: =IF(N(J1253)<=0,"",E1253/J1253*100) -> 20 | N1253: =IF(N(J1253)<=0,"",G1253/J1253*100) -> 80 | O1253: =IFERROR(E1253*1000/F1253,"") -> 1000
A1254: SDN | B1254: Sudan | C1254: Northern Africa | D1254: 1962 | E1254: 1000 | F1254: 1000 | G1254: 5000 | H1254: 0 | J1254: =IFERROR(E1254+G1254-N(H1254),"") -> 6000 | K1254: =IFERROR(E1254*1000/I1254,"") | L1254: =IFERROR(J1254*1000/I1254,"") | M1254: =IF(N(J1254)<=0,"",E1254/J1254*100) -> 16.666667 | N1254: =IF(N(J1254)<=0,"",G1254/J1254*100) -> 83.333333 | O1254: =IFERROR(E1254*1000/F1254,"") -> 1000
A1255: SDN | B1255: Sudan | C1255: Northern Africa | D1255: 1963 | E1255: 1000 | F1255: 1000 | G1255: 6000 | H1255: 0 | J1255: =IFERROR(E1255+G1255-N(H1255),"") -> 7000 | K1255: =IFERROR(E1255*1000/I1255,"") | L1255: =IFERROR(J1255*1000/I1255,"") | M1255: =IF(N(J1255)<=0,"",E1255/J1255*100) -> 14.285714 | N1255: =IF(N(J1255)<=0,"",G1255/J1255*100) -> 85.714286 | O1255: =IFERROR(E1255*1000/F1255,"") -> 1000
A1256: SDN | B1256: Sudan | C1256: Northern Africa | D1256: 1964 | E1256: 1000 | F1256: 1000 | G1256: 4000 | H1256: 0 | J1256: =IFERROR(E1256+G1256-N(H1256),"") -> 5000 | K1256: =IFERROR(E1256*1000/I1256,"") | L1256: =IFERROR(J1256*1000/I1256,"") | M1256: =IF(N(J1256)<=0,"",E1256/J1256*100) -> 20 | N1256: =IF(N(J1256)<=0,"",G1256/J1256*100) -> 80 | O1256: =IFERROR(E1256*1000/F1256,"") -> 1000
A1257: SDN | B1257: Sudan | C1257: Northern Africa | D1257: 1965 | E1257: 1000 | F1257: 1000 | G1257: 10000 | H1257: 0 | J1257: =IFERROR(E1257+G1257-N(H1257),"") -> 11000 | K1257: =IFERROR(E1257*1000/I1257,"") | L1257: =IFERROR(J1257*1000/I1257,"") | M1257: =IF(N(J1257)<=0,"",E1257/J1257*100) -> 9.0909091 | N1257: =IF(N(J1257)<=0,"",G1257/J1257*100) -> 90.909091 | O1257: =IFERROR(E1257*1000/F1257,"") -> 1000
A1258: SDN | B1258: Sudan | C1258: Northern Africa | D1258: 1966 | E1258: 0 | F1258: 0 | G1258: 7000 | H1258: 0 | J1258: =IFERROR(E1258+G1258-N(H1258),"") -> 7000 | K1258: =IFERROR(E1258*1000/I1258,"") | L1258: =IFERROR(J1258*1000/I1258,"") | M1258: =IF(N(J1258)<=0,"",E1258/J1258*100) -> 0 | N1258: =IF(N(J1258)<=0,"",G1258/J1258*100) -> 100 | O1258: =IFERROR(E1258*1000/F1258,"")
A1259: SDN | B1259: Sudan | C1259: Northern Africa | D1259: 1967 | E1259: 1000 | F1259: 2000 | G1259: 7000 | H1259: 0 | J1259: =IFERROR(E1259+G1259-N(H1259),"") -> 8000 | K1259: =IFERROR(E1259*1000/I1259,"") | L1259: =IFERROR(J1259*1000/I1259,"") | M1259: =IF(N(J1259)<=0,"",E1259/J1259*100) -> 12.5 | N1259: =IF(N(J1259)<=0,"",G1259/J1259*100) -> 87.5 | O1259: =IFERROR(E1259*1000/F1259,"") -> 500
A1260: SDN | B1260: Sudan | C1260: Northern Africa | D1260: 1968 | E1260: 1000 | F1260: 2000 | G1260: 10000 | H1260: 0 | J1260: =IFERROR(E1260+G1260-N(H1260),"") -> 11000 | K1260: =IFERROR(E1260*1000/I1260,"") | L1260: =IFERROR(J1260*1000/I1260,"") | M1260: =IF(N(J1260)<=0,"",E1260/J1260*100) -> 9.0909091 | N1260: =IF(N(J1260)<=0,"",G1260/J1260*100) -> 90.909091 | O1260: =IFERROR(E1260*1000/F1260,"") -> 500
A1261: SDN | B1261: Sudan | C1261: Northern Africa | D1261: 1969 | E1261: 2000 | F1261: 3000 | G1261: 11000 | H1261: 0 | J1261: =IFERROR(E1261+G1261-N(H1261),"") -> 13000 | K1261: =IFERROR(E1261*1000/I1261,"") | L1261: =IFERROR(J1261*1000/I1261,"") | M1261: =IF(N(J1261)<=0,"",E1261/J1261*100) -> 15.384615 | N1261: =IF(N(J1261)<=0,"",G1261/J1261*100) -> 84.615385 | O1261: =IFERROR(E1261*1000/F1261,"") -> 666.66667
A1262: SDN | B1262: Sudan | C1262: Northern Africa | D1262: 1970 | E1262: 4000 | F1262: 5000 | G1262: 9000 | H1262: 0 | J1262: =IFERROR(E1262+G1262-N(H1262),"") -> 13000 | K1262: =IFERROR(E1262*1000/I1262,"") | L1262: =IFERROR(J1262*1000/I1262,"") | M1262: =IF(N(J1262)<=0,"",E1262/J1262*100) -> 30.769231 | N1262: =IF(N(J1262)<=0,"",G1262/J1262*100) -> 69.230769 | O1262: =IFERROR(E1262*1000/F1262,"") -> 800
A1263: SDN | B1263: Sudan | C1263: Northern Africa | D1263: 1971 | E1263: 5000 | F1263: 5000 | G1263: 9000 | H1263: 0 | J1263: =IFERROR(E1263+G1263-N(H1263),"") -> 14000 | K1263: =IFERROR(E1263*1000/I1263,"") | L1263: =IFERROR(J1263*1000/I1263,"") | M1263: =IF(N(J1263)<=0,"",E1263/J1263*100) -> 35.714286 | N1263: =IF(N(J1263)<=0,"",G1263/J1263*100) -> 64.285714 | O1263: =IFERROR(E1263*1000/F1263,"") -> 1000
... A1303: SDN | B1303: Sudan | C1303: Northern Africa | D1303: 2011 | E1303: 17000 | F1303: 7000 | G1303: 40000 | H1303: 0 | J1303: =IFERROR(E1303+G1303-N(H1303),"") -> 57000 | K1303: =IFERROR(E1303*1000/I1303,"") | L1303: =IFERROR(J1303*1000/I1303,"") | M1303: =IF(N(J1303)<=0,"",E1303/J1303*100) -> 29.824561 | N1303: =IF(N(J1303)<=0,"",G1303/J1303*100) -> 70.175439 | O1303: =IFERROR(E1303*1000/F1303,"") -> 2428.5714
A1304: SDN | B1304: Sudan | C1304: Northern Africa | D1304: 2012 | E1304: 19000 | F1304: 8000 | G1304: 40000 | H1304: 0 | I1304: 36923178 | J1304: =IFERROR(E1304+G1304-N(H1304),"") -> 59000 | K1304: =IFERROR(E1304*1000/I1304,"") -> 0.51458192 | L1304: =IFERROR(J1304*1000/I1304,"") -> 1.5979123 | M1304: =IF(N(J1304)<=0,"",E1304/J1304*100) -> 32.20339 | N1304: =IF(N(J1304)<=0,"",G1304/J1304*100) -> 67.79661 | O1304: =IFERROR(E1304*1000/F1304,"") -> 2375
A1305: SDN | B1305: Sudan | C1305: Northern Africa | D1305: 2013 | E1305: 19000 | F1305: 8000 | G1305: 45000 | H1305: 0 | I1305: 37785849 | J1305: =IFERROR(E1305+G1305-N(H1305),"") -> 64000 | K1305: =IFERROR(E1305*1000/I1305,"") -> 0.50283375 | L1305: =IFERROR(J1305*1000/I1305,"") -> 1.6937558 | M1305: =IF(N(J1305)<=0,"",E1305/J1305*100) -> 29.6875 | N1305: =IF(N(J1305)<=0,"",G1305/J1305*100) -> 70.3125 | O1305: =IFERROR(E1305*1000/F1305,"") -> 2375
A1306: SDN | B1306: Sudan | C1306: Northern Africa | D1306: 2014 | E1306: 0 | F1306: 0 | G1306: 0 | H1306: 0 | I1306: 38823318 | J1306: =IFERROR(E1306+G1306-N(H1306),"") -> 0 | K1306: =IFERROR(E1306*1000/I1306,"") -> 0 | L1306: =IFERROR(J1306*1000/I1306,"") -> 0 | M1306: =IF(N(J1306)<=0,"",E1306/J1306*100) | N1306: =IF(N(J1306)<=0,"",G1306/J1306*100) | O1306: =IFERROR(E1306*1000/F1306,"")
A1307: SDN | B1307: Sudan | C1307: Northern Africa | D1307: 2015 | E1307: 0 | F1307: 0 | G1307: 0 | H1307: 0 | I1307: 40024431 | J1307: =IFERROR(E1307+G1307-N(H1307),"") -> 0 | K1307: =IFERROR(E1307*1000/I1307,"") -> 0 | L1307: =IFERROR(J1307*1000/I1307,"") -> 0 | M1307: =IF(N(J1307)<=0,"",E1307/J1307*100) | N1307: =IF(N(J1307)<=0,"",G1307/J1307*100) | O1307: =IFERROR(E1307*1000/F1307,"")
A1308: SDN | B1308: Sudan | C1308: Northern Africa | D1308: 2016 | E1308: 0 | F1308: 0 | G1308: 0 | H1308: 0 | I1308: 41259892 | J1308: =IFERROR(E1308+G1308-N(H1308),"") -> 0 | K1308: =IFERROR(E1308*1000/I1308,"") -> 0 | L1308: =IFERROR(J1308*1000/I1308,"") -> 0 | M1308: =IF(N(J1308)<=0,"",E1308/J1308*100) | N1308: =IF(N(J1308)<=0,"",G1308/J1308*100) | O1308: =IFERROR(E1308*1000/F1308,"")
A1309: SDN | B1309: Sudan | C1309: Northern Africa | D1309: 2017 | E1309: 0 | F1309: 0 | G1309: 0 | H1309: 0 | I1309: 42714306 | J1309: =IFERROR(E1309+G1309-N(H1309),"") -> 0 | K1309: =IFERROR(E1309*1000/I1309,"") -> 0 | L1309: =IFERROR(J1309*1000/I1309,"") -> 0 | M1309: =IF(N(J1309)<=0,"",E1309/J1309*100) | N1309: =IF(N(J1309)<=0,"",G1309/J1309*100) | O1309: =IFERROR(E1309*1000/F1309,"")
A1310: SDN | B1310: Sudan | C1310: Northern Africa | D1310: 2018 | E1310: 0 | F1310: 0 | G1310: 0 | H1310: 0 | I1310: 44230596 | J1310: =IFERROR(E1310+G1310-N(H1310),"") -> 0 | K1310: =IFERROR(E1310*1000/I1310,"") -> 0 | L1310: =IFERROR(J1310*1000/I1310,"") -> 0 | M1310: =IF(N(J1310)<=0,"",E1310/J1310*100) | N1310: =IF(N(J1310)<=0,"",G1310/J1310*100) | O1310: =IFERROR(E1310*1000/F1310,"")
A1311: SDN | B1311: Sudan | C1311: Northern Africa | D1311: 2019 | E1311: 0 | F1311: 0 | G1311: 0 | H1311: 0 | I1311: 45548176 | J1311: =IFERROR(E1311+G1311-N(H1311),"") -> 0 | K1311: =IFERROR(E1311*1000/I1311,"") -> 0 | L1311: =IFERROR(J1311*1000/I1311,"") -> 0 | M1311: =IF(N(J1311)<=0,"",E1311/J1311*100) | N1311: =IF(N(J1311)<=0,"",G1311/J1311*100) | O1311: =IFERROR(E1311*1000/F1311,"")
A1312: SDN | B1312: Sudan | C1312: Northern Africa | D1312: 2020 | E1312: 0 | F1312: 0 | G1312: 0 | H1312: 0 | I1312: 46789231 | J1312: =IFERROR(E1312+G1312-N(H1312),"") -> 0 | K1312: =IFERROR(E1312*1000/I1312,"") -> 0 | L1312: =IFERROR(J1312*1000/I1312,"") -> 0 | M1312: =IF(N(J1312)<=0,"",E1312/J1312*100) | N1312: =IF(N(J1312)<=0,"",G1312/J1312*100) | O1312: =IFERROR(E1312*1000/F1312,"")
A1313: SDN | B1313: Sudan | C1313: Northern Africa | D1313: 2021 | E1313: 0 | F1313: 0 | G1313: 0 | H1313: 0 | I1313: 48066924 | J1313: =IFERROR(E1313+G1313-N(H1313),"") -> 0 | K1313: =IFERROR(E1313*1000/I1313,"") -> 0 | L1313: =IFERROR(J1313*1000/I1313,"") -> 0 | M1313: =IF(N(J1313)<=0,"",E1313/J1313*100) | N1313: =IF(N(J1313)<=0,"",G1313/J1313*100) | O1313: =IFERROR(E1313*1000/F1313,"")
A1314: SDN | B1314: Sudan | C1314: Northern Africa | D1314: 2022 | E1314: 0 | F1314: 0 | G1314: 0 | H1314: 0 | I1314: 49383346 | J1314: =IFERROR(E1314+G1314-N(H1314),"") -> 0 | K1314: =IFERROR(E1314*1000/I1314,"") -> 0 | L1314: =IFERROR(J1314*1000/I1314,"") -> 0 | M1314: =IF(N(J1314)<=0,"",E1314/J1314*100) | N1314: =IF(N(J1314)<=0,"",G1314/J1314*100) | O1314: =IFERROR(E1314*1000/F1314,"")
A1315: SDN | B1315: Sudan | C1315: Northern Africa | D1315: 2023 | E1315: 0 | F1315: 0 | G1315: 0 | H1315: 0 | I1315: 50042791 | J1315: =IFERROR(E1315+G1315-N(H1315),"") -> 0 | K1315: =IFERROR(E1315*1000/I1315,"") -> 0 | L1315: =IFERROR(J1315*1000/I1315,"") -> 0 | M1315: =IF(N(J1315)<=0,"",E1315/J1315*100) | N1315: =IF(N(J1315)<=0,"",G1315/J1315*100) | O1315: =IFERROR(E1315*1000/F1315,"")
... A2473: TGO | B2473: Togo | C2473: Western Africa | D2473: 2026 | E2473: 120000 | F2473: 105000 | G2473: 325000 | H2473: 0 | I2473: 8780006 | J2473: =IFERROR(E2473+G2473-N(H2473),"") -> 445000 | K2473: =IFERROR(E2473*1000/I2473,"") -> 13.667417 | L2473: =IFERROR(J2473*1000/I2473,"") -> 50.683337 | M2473: =IF(N(J2473)<=0,"",E2473/J2473*100) -> 26.966292 | N2473: =IF(N(J2473)<=0,"",G2473/J2473*100) -> 73.033708 | O2473: =IFERROR(E2473*1000/F2473,"") -> 1142.8571

Sheet FoodBalanceSheet
A1: ISO3 | B1: Country | C1: Region | D1: Year | E1: Production, milled (1000 t) | F1: Imports (1000 t) | G1: Exports (1000 t) | H1: Food use (1000 t) | I1: Food per capita (kg) | J1: Domestic supply (1000 t) | K1: Calories from rice (kcal/cap/day) | L1: Release | M1: SSR, balance-sheet basis (%)
A2: COM | B2: Comoros | C2: Eastern Africa | D2: 2010 | E2: 16.08 | F2: 55.61 | H2: 53.6 | I2: 81.7333 | J2: 56.28 | K2: 751.11 | L2: current | M2: =IF(N(E2)+N(F2)-N(G2)<=0,"",E2/(E2+F2-N(G2))*100) -> 22.429907
A3: COM | B3: Comoros | C3: Eastern Africa | D3: 2011 | E3: 18.09 | F3: 40.87 | H3: 56.28 | I3: 84.0448 | J3: 58.96 | K3: 765.53 | L3: current | M3: =IF(N(E3)+N(F3)-N(G3)<=0,"",E3/(E3+F3-N(G3))*100) -> 30.681818
A4: COM | B4: Comoros | C4: Eastern Africa | D4: 2012 | E4: 18.09 | F4: 71.02 | H4: 60.3 | I4: 88.4132 | J4: 62.98 | K4: 786.31 | L4: current | M4: =IF(N(E4)+N(F4)-N(G4)<=0,"",E4/(E4+F4-N(G4))*100) -> 20.300752
A5: COM | B5: Comoros | C5: Eastern Africa | D5: 2013 | E5: 19.43 | F5: 40.87 | H5: 59.63 | I5: 85.1838 | J5: 62.31 | K5: 782.94 | L5: current | M5: =IF(N(E5)+N(F5)-N(G5)<=0,"",E5/(E5+F5-N(G5))*100) -> 32.222222
A6: COM | B6: Comoros | C6: Eastern Africa | D6: 2014 | E6: 20.1 | F6: 57.62 | H6: 57.62 | I6: 80.7819 | J6: 60.97 | K6: 768.84 | L6: current | M6: =IF(N(E6)+N(F6)-N(G6)<=0,"",E6/(E6+F6-N(G6))*100) -> 25.862069
A7: COM | B7: Comoros | C7: Eastern Africa | D7: 2015 | E7: 20.77 | F7: 51.59 | H7: 64.32 | I7: 88.8755 | J7: 67.67 | K7: 804.19 | L7: current | M7: =IF(N(E7)+N(F7)-N(G7)<=0,"",E7/(E7+F7-N(G7))*100) -> 28.703704
A8: COM | B8: Comoros | C8: Eastern Africa | D8: 2016 | E8: 21.44 | F8: 38.19 | H8: 66.33 | I8: 89.6728 | J8: 69.68 | K8: 811.41 | L8: current | M8: =IF(N(E8)+N(F8)-N(G8)<=0,"",E8/(E8+F8-N(G8))*100) -> 35.955056
A9: COM | B9: Comoros | C9: Eastern Africa | D9: 2017 | E9: 20.77 | F9: 34.17 | G9: 0 | H9: 68.34 | I9: 90.2088 | J9: 71.69 | K9: 816.18 | L9: current | M9: =IF(N(E9)+N(F9)-N(G9)<=0,"",E9/(E9+F9-N(G9))*100) -> 37.804878
A10: COM | B10: Comoros | C10: Eastern Africa | D10: 2018 | E10: 20.77 | F10: 47.57 | G10: 0 | H10: 68.34 | I10: 88.7549 | J10: 71.69 | K10: 803.74 | L10: current | M10: =IF(N(E10)+N(F10)-N(G10)<=0,"",E10/(E10+F10-N(G10))*100) -> 30.392157
A11: COM | B11: Comoros | C11: Eastern Africa | D11: 2019 | E11: 20.77 | F11: 137.35 | H11: 89.11 | I11: 112.9352 | J11: 92.46 | K11: 766.66 | L11: current | M11: =IF(N(E11)+N(F11)-N(G11)<=0,"",E11/(E11+F11-N(G11))*100) -> 13.135593
A12: COM | B12: Comoros | C12: Eastern Africa | D12: 2020 | E12: 0 | F12: 125.29 | H12: 125.29 | I12: 156.4048 | J12: 125.29 | K12: 708.21 | L12: current | M12: =IF(N(E12)+N(F12)-N(G12)<=0,"",E12/(E12+F12-N(G12))*100) -> 0
A13: COM | B13: Comoros | C13: Eastern Africa | D13: 2021 | E13: 0 | F13: 126.63 | H13: 125.29 | I13: 153.229 | J13: 125.29 | K13: 685.4 | L13: current | M13: =IF(N(E13)+N(F13)-N(G13)<=0,"",E13/(E13+F13-N(G13))*100) -> 0
A14: COM | B14: Comoros | C14: Eastern Africa | D14: 2022 | E14: 0 | F14: 99.16 | H14: 119.93 | I14: 143.648 | J14: 119.93 | K14: 645.3 | L14: current | M14: =IF(N(E14)+N(F14)-N(G14)<=0,"",E14/(E14+F14-N(G14))*100) -> 0
A15: COM | B15: Comoros | C15: Eastern Africa | D15: 2023 | E15: 0 | F15: 129.98 | G15: 0 | H15: 129.98 | I15: 153.2156 | J15: 129.98 | K15: 676.37 | L15: current | M15: =IF(N(E15)+N(F15)-N(G15)<=0,"",E15/(E15+F15-N(G15))*100) -> 0
A16: ETH | B16: Ethiopia | C16: Eastern Africa | D16: 1993 | E16: 7 | F16: 14 | G16: 0 | H16: 20 | I16: 0.38 | J16: 20 | K16: 3.64 | L16: historic | M16: =IF(N(E16)+N(F16)-N(G16)<=0,"",E16/(E16+F16-N(G16))*100) -> 33.333333
A17: ETH | B17: Ethiopia | C17: Eastern Africa | D17: 1994 | E17: 7 | F17: 10 | G17: 0 | H17: 17 | I17: 0.31 | J17: 17 | K17: 2.98 | L17: historic | M17: =IF(N(E17)+N(F17)-N(G17)<=0,"",E17/(E17+F17-N(G17))*100) -> 41.176471
A18: ETH | B18: Ethiopia | C18: Eastern Africa | D18: 1995 | E18: 7 | F18: 2 | G18: 0 | H18: 9 | I18: 0.15 | J18: 9 | K18: 1.47 | L18: historic | M18: =IF(N(E18)+N(F18)-N(G18)<=0,"",E18/(E18+F18-N(G18))*100) -> 77.777778
A19: ETH | B19: Ethiopia | C19: Eastern Africa | D19: 1996 | E19: 10 | F19: 3 | G19: 0 | H19: 12 | I19: 0.21 | J19: 13 | K19: 2.02 | L19: historic | M19: =IF(N(E19)+N(F19)-N(G19)<=0,"",E19/(E19+F19-N(G19))*100) -> 76.923077
A20: ETH | B20: Ethiopia | C20: Eastern Africa | D20: 1997 | E20: 8 | F20: 4 | G20: 0 | H20: 12 | I20: 0.19 | J20: 12 | K20: 1.86 | L20: historic | M20: =IF(N(E20)+N(F20)-N(G20)<=0,"",E20/(E20+F20-N(G20))*100) -> 66.666667
A21: ETH | B21: Ethiopia | C21: Eastern Africa | D21: 1998 | E21: 9 | F21: 5 | G21: 0 | H21: 14 | I21: 0.23 | J21: 14 | K21: 2.21 | L21: historic | M21: =IF(N(E21)+N(F21)-N(G21)<=0,"",E21/(E21+F21-N(G21))*100) -> 64.285714
A22: ETH | B22: Ethiopia | C22: Eastern Africa | D22: 1999 | E22: 9 | F22: 9 | G22: 0 | H22: 18 | I22: 0.28 | J22: 18 | K22: 2.81 | L22: historic | M22: =IF(N(E22)+N(F22)-N(G22)<=0,"",E22/(E22+F22-N(G22))*100) -> 50
A23: ETH | B23: Ethiopia | C23: Eastern Africa | D23: 2000 | E23: 10 | F23: 3 | G23: 0 | H23: 13 | I23: 0.2 | J23: 13 | K23: 1.88 | L23: historic | M23: =IF(N(E23)+N(F23)-N(G23)<=0,"",E23/(E23+F23-N(G23))*100) -> 76.923077
A24: ETH | B24: Ethiopia | C24: Eastern Africa | D24: 2001 | E24: 10 | F24: 5 | G24: 0 | H24: 15 | I24: 0.22 | J24: 15 | K24: 2.16 | L24: historic | M24: =IF(N(E24)+N(F24)-N(G24)<=0,"",E24/(E24+F24-N(G24))*100) -> 66.666667
A25: ETH | B25: Ethiopia | C25: Eastern Africa | D25: 2002 | E25: 10 | F25: 12 | G25: 0 | H25: 19 | I25: 0.28 | J25: 19 | K25: 2.69 | L25: historic | M25: =IF(N(E25)+N(F25)-N(G25)<=0,"",E25/(E25+F25-N(G25))*100) -> 45.454545
A26: ETH | B26: Ethiopia | C26: Eastern Africa | D26: 2003 | E26: 9 | F26: 21 | G26: 0 | H26: 29 | I26: 0.41 | J26: 29 | K26: 3.99 | L26: historic | M26: =IF(N(E26)+N(F26)-N(G26)<=0,"",E26/(E26+F26-N(G26))*100) -> 30
... A672: ZWE | B672: Zimbabwe | C672: Eastern Africa | D672: 2019 | E672: 0.67 | F672: 78.39 | G672: 0 | H672: 130.65 | I672: 8.5425 | J672: 135.34 | K672: 81.04 | L672: current | M672: =IF(N(E672)+N(F672)-N(G672)<=0,"",E672/(E672+F672-N(G672))*100) -> 0.84745763
A673: ZWE | B673: Zimbabwe | C673: Eastern Africa | D673: 2020 | E673: 0 | F673: 182.91 | H673: 147.4 | I673: 9.5006 | J673: 152.76 | K673: 90.12 | L673: current | M673: =IF(N(E673)+N(F673)-N(G673)<=0,"",E673/(E673+F673-N(G673))*100) -> 0
A674: ZWE | B674: Zimbabwe | C674: Eastern Africa | D674: 2021 | E674: 2.01 | F674: 201.67 | H674: 166.16 | I674: 10.519 | J674: 173.53 | K674: 100.65 | L674: current | M674: =IF(N(E674)+N(F674)-N(G674)<=0,"",E674/(E674+F674-N(G674))*100) -> 0.98684211
A675: ZWE | B675: Zimbabwe | C675: Eastern Africa | D675: 2022 | E675: 0.67 | F675: 236.51 | H675: 198.99 | I675: 12.395 | J675: 206.36 | K675: 117.54 | L675: current | M675: =IF(N(E675)+N(F675)-N(G675)<=0,"",E675/(E675+F675-N(G675))*100) -> 0.28248588
A676: ZWE | B676: Zimbabwe | C676: Eastern Africa | D676: 2023 | E676: 0 | F676: 257.95 | G676: 0 | H676: 209.04 | I676: 12.797 | J676: 217.75 | K676: 121.37 | L676: current | M676: =IF(N(E676)+N(F676)-N(G676)<=0,"",E676/(E676+F676-N(G676))*100) -> 0
A677: AGO | B677: Angola | C677: Middle Africa | D677: 1961 | E677: 19 | F677: 1 | G677: 3 | H677: 15 | I677: 3.01 | J677: 17 | K677: 31.76 | L677: historic | M677: =IF(N(E677)+N(F677)-N(G677)<=0,"",E677/(E677+F677-N(G677))*100) -> 111.76471
A678: AGO | B678: Angola | C678: Middle Africa | D678: 1962 | E678: 15 | F678: 1 | G678: 2 | H678: 12 | I678: 2.41 | J678: 14 | K678: 25.38 | L678: historic | M678: =IF(N(E678)+N(F678)-N(G678)<=0,"",E678/(E678+F678-N(G678))*100) -> 107.14286
A679: AGO | B679: Angola | C679: Middle Africa | D679: 1963 | E679: 17 | F679: 2 | G679: 1 | H679: 16 | I679: 3.03 | J679: 17 | K679: 31.61 | L679: historic | M679: =IF(N(E679)+N(F679)-N(G679)<=0,"",E679/(E679+F679-N(G679))*100) -> 94.444444
A680: AGO | B680: Angola | C680: Middle Africa | D680: 1964 | E680: 17 | F680: 1 | G680: 2 | H680: 14 | I680: 2.68 | J680: 16 | K680: 28.18 | L680: historic | M680: =IF(N(E680)+N(F680)-N(G680)<=0,"",E680/(E680+F680-N(G680))*100) -> 106.25
A681: AGO | B681: Angola | C681: Middle Africa | D681: 1965 | E681: 21 | F681: 2 | G681: 2 | H681: 20 | I681: 3.69 | J681: 22 | K681: 38.58 | L681: historic | M681: =IF(N(E681)+N(F681)-N(G681)<=0,"",E681/(E681+F681-N(G681))*100) -> 100
A682: AGO | B682: Angola | C682: Middle Africa | D682: 1966 | E682: 20 | F682: 3 | G682: 4 | H682: 18 | I682: 3.18 | J682: 19 | K682: 33.27 | L682: historic | M682: =IF(N(E682)+N(F682)-N(G682)<=0,"",E682/(E682+F682-N(G682))*100) -> 105.26316
A683: AGO | B683: Angola | C683: Middle Africa | D683: 1967 | E683: 22 | F683: 2 | G683: 3 | H683: 19 | I683: 3.41 | J683: 21 | K683: 35.75 | L683: historic | M683: =IF(N(E683)+N(F683)-N(G683)<=0,"",E683/(E683+F683-N(G683))*100) -> 104.7619
A684: AGO | B684: Angola | C684: Middle Africa | D684: 1968 | E684: 10 | F684: 2 | G684: 2 | H684: 9 | I684: 1.51 | J684: 10 | K684: 15.85 | L684: historic | M684: =IF(N(E684)+N(F684)-N(G684)<=0,"",E684/(E684+F684-N(G684))*100) -> 100
A685: AGO | B685: Angola | C685: Middle Africa | D685: 1969 | E685: 11 | F685: 2 | G685: 1 | H685: 10 | I685: 1.66 | J685: 11 | K685: 17.31 | L685: historic | M685: =IF(N(E685)+N(F685)-N(G685)<=0,"",E685/(E685+F685-N(G685))*100) -> 91.666667
A686: AGO | B686: Angola | C686: Middle Africa | D686: 1970 | E686: 20 | F686: 5 | G686: 1 | H686: 16 | I686: 2.69 | J686: 18 | K686: 28.31 | L686: historic | M686: =IF(N(E686)+N(F686)-N(G686)<=0,"",E686/(E686+F686-N(G686))*100) -> 83.333333
A687: AGO | B687: Angola | C687: Middle Africa | D687: 1971 | E687: 19 | F687: 1 | G687: 3 | H687: 16 | I687: 2.64 | J687: 18 | K687: 27.7 | L687: historic | M687: =IF(N(E687)+N(F687)-N(G687)<=0,"",E687/(E687+F687-N(G687))*100) -> 111.76471
... A962: COG | B962: Congo | C962: Middle Africa | D962: 2014 | E962: 0.67 | F962: 40.2 | G962: 0 | H962: 20.77 | I962: 4.2411 | J962: 33.5 | K962: 39.86 | L962: current | M962: =IF(N(E962)+N(F962)-N(G962)<=0,"",E962/(E962+F962-N(G962))*100) -> 1.6393443
A963: COG | B963: Congo | C963: Middle Africa | D963: 2015 | E963: 0.67 | F963: 36.18 | H963: 16.08 | I963: 3.1825 | J963: 25.46 | K963: 30.03 | L963: current | M963: =IF(N(E963)+N(F963)-N(G963)<=0,"",E963/(E963+F963-N(G963))*100) -> 1.8181818
A964: COG | B964: Congo | C964: Middle Africa | D964: 2016 | E964: 0.67 | F964: 70.35 | G964: 0 | H964: 53.6 | I964: 10.2376 | J964: 71.02 | K964: 96.61 | L964: current | M964: =IF(N(E964)+N(F964)-N(G964)<=0,"",E964/(E964+F964-N(G964))*100) -> 0.94339623
A965: COG | B965: Congo | C965: Middle Africa | D965: 2017 | E965: 0.67 | F965: 85.76 | G965: 0 | H965: 62.31 | I965: 11.6044 | J965: 90.45 | K965: 108.96 | L965: current | M965: =IF(N(E965)+N(F965)-N(G965)<=0,"",E965/(E965+F965-N(G965))*100) -> 0.7751938
A966: COG | B966: Congo | C966: Middle Africa | D966: 2018 | E966: 0.67 | F966: 73.7 | G966: 0 | H966: 58.96 | I966: 10.72 | J966: 84.42 | K966: 100.63 | L966: current | M966: =IF(N(E966)+N(F966)-N(G966)<=0,"",E966/(E966+F966-N(G966))*100) -> 0.9009009
A967: COG | B967: Congo | C967: Middle Africa | D967: 2019 | E967: 0.67 | F967: 84.42 | G967: 0 | H967: 61.64 | I967: 10.9277 | J967: 83.08 | K967: 102.6 | L967: current | M967: =IF(N(E967)+N(F967)-N(G967)<=0,"",E967/(E967+F967-N(G967))*100) -> 0.78740157
A968: COG | B968: Congo | C968: Middle Africa | D968: 2020 | E968: 0.67 | F968: 81.74 | G968: 1.34 | H968: 59.63 | I968: 10.3247 | J968: 84.42 | K968: 96.9 | L968: current | M968: =IF(N(E968)+N(F968)-N(G968)<=0,"",E968/(E968+F968-N(G968))*100) -> 0.82644628
A969: COG | B969: Congo | C969: Middle Africa | D969: 2021 | E969: 0.67 | F969: 89.78 | G969: 0 | H969: 65.66 | I969: 11.1421 | J969: 90.45 | K969: 104.62 | L969: current | M969: =IF(N(E969)+N(F969)-N(G969)<=0,"",E969/(E969+F969-N(G969))*100) -> 0.74074074
A970: COG | B970: Congo | C970: Middle Africa | D970: 2022 | E970: 0.67 | F970: 169.51 | G970: 0 | H970: 77.72 | I970: 12.8573 | J970: 104.52 | K970: 120.67 | L970: current | M970: =IF(N(E970)+N(F970)-N(G970)<=0,"",E970/(E970+F970-N(G970))*100) -> 0.39370079
A971: COG | B971: Congo | C971: Middle Africa | D971: 2023 | E971: 0.67 | F971: 85.76 | G971: 0 | H971: 73.03 | I971: 11.8456 | J971: 107.87 | K971: 111.15 | L971: current | M971: =IF(N(E971)+N(F971)-N(G971)<=0,"",E971/(E971+F971-N(G971))*100) -> 0.7751938
A972: COD | B972: Democratic Republic of the Congo | C972: Middle Africa | D972: 2010 | E972: 505.85 | F972: 88.44 | G972: 0 | H972: 466.32 | I972: 6.8005 | J972: 545.38 | K972: 60.75 | L972: current | M972: =IF(N(E972)+N(F972)-N(G972)<=0,"",E972/(E972+F972-N(G972))*100) -> 85.118377
A973: COD | B973: Democratic Republic of the Congo | C973: Middle Africa | D973: 2011 | E973: 475.03 | F973: 79.73 | G973: 0 | H973: 501.16 | I973: 7.0752 | J973: 566.82 | K973: 63.25 | L973: current | M973: =IF(N(E973)+N(F973)-N(G973)<=0,"",E973/(E973+F973-N(G973))*100) -> 85.628019
A974: COD | B974: Democratic Republic of the Congo | C974: Middle Africa | D974: 2012 | E974: 432.15 | F974: 112.56 | G974: 0 | H974: 542.03 | I974: 7.3968 | J974: 608.36 | K974: 66.03 | L974: current | M974: =IF(N(E974)+N(F974)-N(G974)<=0,"",E974/(E974+F974-N(G974))*100) -> 79.335793
A975: COD | B975: Democratic Republic of the Congo | C975: Middle Africa | D975: 2013 | E975: 543.37 | F975: 136.01 | G975: 0 | H975: 592.28 | I975: 7.8122 | J975: 678.04 | K975: 69.84 | L975: current | M975: =IF(N(E975)+N(F975)-N(G975)<=0,"",E975/(E975+F975-N(G975))*100) -> 79.980276
... A1101: DZA | B1101: Algeria | C1101: Northern Africa | D1101: 2013 | E1101: 0 | F1101: 121.27 | G1101: 0 | H1101: 96.48 | I1101: 2.5058 | J1101: 100.5 | K1101: 23.95 | L1101: current | M1101: =IF(N(E1101)+N(F1101)-N(G1101)<=0,"",E1101/(E1101+F1101-N(G1101))*100) -> 0
A1102: DZA | B1102: Algeria | C1102: Northern Africa | D1102: 2014 | E1102: 0 | F1102: 123.28 | H1102: 99.83 | I1102: 2.5527 | J1102: 111.89 | K1102: 24.5 | L1102: current | M1102: =IF(N(E1102)+N(F1102)-N(G1102)<=0,"",E1102/(E1102+F1102-N(G1102))*100) -> 0
A1103: DZA | B1103: Algeria | C1103: Northern Africa | D1103: 2015 | E1103: 0 | F1103: 113.23 | G1103: 0 | H1103: 104.52 | I1103: 2.6063 | J1103: 107.2 | K1103: 25.06 | L1103: current | M1103: =IF(N(E1103)+N(F1103)-N(G1103)<=0,"",E1103/(E1103+F1103-N(G1103))*100) -> 0
A1104: DZA | B1104: Algeria | C1104: Northern Africa | D1104: 2016 | E1104: 0 | F1104: 110.55 | G1104: 0 | H1104: 104.52 | I1104: 2.5594 | J1104: 106.53 | K1104: 24.51 | L1104: current | M1104: =IF(N(E1104)+N(F1104)-N(G1104)<=0,"",E1104/(E1104+F1104-N(G1104))*100) -> 0
A1105: DZA | B1105: Algeria | C1105: Northern Africa | D1105: 2017 | E1105: 0 | F1105: 131.32 | G1105: 0 | H1105: 108.54 | I1105: 2.5996 | J1105: 112.56 | K1105: 25.01 | L1105: current | M1105: =IF(N(E1105)+N(F1105)-N(G1105)<=0,"",E1105/(E1105+F1105-N(G1105))*100) -> 0
A1106: DZA | B1106: Algeria | C1106: Northern Africa | D1106: 2018 | E1106: 0 | F1106: 146.73 | G1106: 0 | H1106: 107.87 | I1106: 2.5326 | J1106: 107.87 | K1106: 24.07 | L1106: current | M1106: =IF(N(E1106)+N(F1106)-N(G1106)<=0,"",E1106/(E1106+F1106-N(G1106))*100) -> 0
A1107: DZA | B1107: Algeria | C1107: Northern Africa | D1107: 2019 | E1107: 0 | F1107: 123.28 | G1107: 0.67 | H1107: 123.28 | I1107: 2.8475 | J1107: 123.28 | K1107: 27.22 | L1107: current | M1107: =IF(N(E1107)+N(F1107)-N(G1107)<=0,"",E1107/(E1107+F1107-N(G1107))*100) -> 0
A1108: DZA | B1108: Algeria | C1108: Northern Africa | D1108: 2020 | E1108: 0 | F1108: 142.04 | G1108: 1.34 | H1108: 121.27 | I1108: 2.7604 | J1108: 121.27 | K1108: 26.32 | L1108: current | M1108: =IF(N(E1108)+N(F1108)-N(G1108)<=0,"",E1108/(E1108+F1108-N(G1108))*100) -> 0
A1109: DZA | B1109: Algeria | C1109: Northern Africa | D1109: 2021 | E1109: 0 | F1109: 136.68 | G1109: 0 | H1109: 135.34 | I1109: 3.0217 | J1109: 136.68 | K1109: 28.87 | L1109: current | M1109: =IF(N(E1109)+N(F1109)-N(G1109)<=0,"",E1109/(E1109+F1109-N(G1109))*100) -> 0
A1110: DZA | B1110: Algeria | C1110: Northern Africa | D1110: 2022 | E1110: 0 | F1110: 177.55 | G1110: 0 | H1110: 177.55 | I1110: 3.8994 | J1110: 177.55 | K1110: 37.3 | L1110: current | M1110: =IF(N(E1110)+N(F1110)-N(G1110)<=0,"",E1110/(E1110+F1110-N(G1110))*100) -> 0
A1111: DZA | B1111: Algeria | C1111: Northern Africa | D1111: 2023 | E1111: 0 | F1111: 225.12 | G1111: 0 | H1111: 215.07 | I1111: 4.6565 | J1111: 215.07 | K1111: 44.5 | L1111: current | M1111: =IF(N(E1111)+N(F1111)-N(G1111)<=0,"",E1111/(E1111+F1111-N(G1111))*100) -> 0
A1112: EGY | B1112: Egypt | C1112: Northern Africa | D1112: 1961 | E1112: 762 | F1112: 0 | G1112: 247 | H1112: 647 | I1112: 22.47 | J1112: 777 | K1112: 235.67 | L1112: historic | M1112: =IF(N(E1112)+N(F1112)-N(G1112)<=0,"",E1112/(E1112+F1112-N(G1112))*100) -> 147.96117
A1113: EGY | B1113: Egypt | C1113: Northern Africa | D1113: 1962 | E1113: 1359 | F1113: 0 | G1113: 140 | H1113: 628 | I1113: 21.21 | J1113: 828 | K1113: 222.69 | L1113: historic | M1113: =IF(N(E1113)+N(F1113)-N(G1113)<=0,"",E1113/(E1113+F1113-N(G1113))*100) -> 111.48482
A1114: EGY | B1114: Egypt | C1114: Northern Africa | D1114: 1963 | E1114: 1480 | F1114: 0 | G1114: 370 | H1114: 652 | I1114: 21.45 | J1114: 874 | K1114: 225.33 | L1114: historic | M1114: =IF(N(E1114)+N(F1114)-N(G1114)<=0,"",E1114/(E1114+F1114-N(G1114))*100) -> 133.33333
... A1238: MAR | B1238: Morocco | C1238: Northern Africa | D1238: 2023 | E1238: 37.52 | F1238: 86.43 | G1238: 0 | H1238: 99.16 | I1238: 2.6197 | J1238: 106.53 | K1238: 24.79 | L1238: current | M1238: =IF(N(E1238)+N(F1238)-N(G1238)<=0,"",E1238/(E1238+F1238-N(G1238))*100) -> 30.27027
A1239: SDN | B1239: Sudan | C1239: Northern Africa | D1239: 2012 | E1239: 16 | F1239: 33 | H1239: 47 | I1239: 1.28 | J1239: 49 | K1239: 14.17 | L1239: historic | M1239: =IF(N(E1239)+N(F1239)-N(G1239)<=0,"",E1239/(E1239+F1239-N(G1239))*100) -> 32.653061
A1240: SDN | B1240: Sudan | C1240: Northern Africa | D1240: 2013 | E1240: 17 | F1240: 33 | H1240: 48 | I1240: 1.27 | J1240: 49 | K1240: 14.06 | L1240: historic | M1240: =IF(N(E1240)+N(F1240)-N(G1240)<=0,"",E1240/(E1240+F1240-N(G1240))*100) -> 34
A1241: SWZ | B1241: Eswatini | C1241: Southern Africa | D1241: 1961 | E1241: 3 | F1241: 0 | G1241: 2 | H1241: 0 | I1241: 0.48 | J1241: 0 | K1241: 4.75 | L1241: historic | M1241: =IF(N(E1241)+N(F1241)-N(G1241)<=0,"",E1241/(E1241+F1241-N(G1241))*100) -> 300
A1242: SWZ | B1242: Eswatini | C1242: Southern Africa | D1242: 1962 | E1242: 4 | F1242: 0 | G1242: 3 | H1242: 0 | I1242: 0.56 | J1242: 1 | K1242: 5.46 | L1242: historic | M1242: =IF(N(E1242)+N(F1242)-N(G1242)<=0,"",E1242/(E1242+F1242-N(G1242))*100) -> 400
A1243: SWZ | B1243: Eswatini | C1243: Southern Africa | D1243: 1963 | E1243: 4 | F1243: 0 | G1243: 4 | H1243: 0 | I1243: 0.22 | J1243: 0 | K1243: 2.17 | L1243: historic | M1243: =IF(N(E1243)+N(F1243)-N(G1243)<=0,"",E1243/(E1243+F1243-N(G1243))*100)
A1244: SWZ | B1244: Eswatini | C1244: Southern Africa | D1244: 1964 | E1244: 4 | F1244: 0 | G1244: 4 | H1244: 0 | I1244: 0.28 | J1244: 0 | K1244: 2.75 | L1244: historic | M1244: =IF(N(E1244)+N(F1244)-N(G1244)<=0,"",E1244/(E1244+F1244-N(G1244))*100)
A1245: SWZ | B1245: Eswatini | C1245: Southern Africa | D1245: 1965 | E1245: 4 | F1245: 0 | G1245: 3 | H1245: 0 | I1245: 0.34 | J1245: 0 | K1245: 3.31 | L1245: historic | M1245: =IF(N(E1245)+N(F1245)-N(G1245)<=0,"",E1245/(E1245+F1245-N(G1245))*100) -> 400
A1246: SWZ | B1246: Eswatini | C1246: Southern Africa | D1246: 1966 | E1246: 4 | F1246: 0 | G1246: 4 | H1246: 0 | I1246: 0.32 | J1246: 0 | K1246: 3.11 | L1246: historic | M1246: =IF(N(E1246)+N(F1246)-N(G1246)<=0,"",E1246/(E1246+F1246-N(G1246))*100)
A1247: SWZ | B1247: Eswatini | C1247: Southern Africa | D1247: 1967 | E1247: 4 | F1247: 0 | G1247: 4 | H1247: 0 | I1247: 0.3 | J1247: 0 | K1247: 2.98 | L1247: historic | M1247: =IF(N(E1247)+N(F1247)-N(G1247)<=0,"",E1247/(E1247+F1247-N(G1247))*100)
A1248: SWZ | B1248: Eswatini | C1248: Southern Africa | D1248: 1968 | E1248: 4 | F1248: 0 | G1248: 4 | H1248: 0 | I1248: 0.3 | J1248: 0 | K1248: 2.95 | L1248: historic | M1248: =IF(N(E1248)+N(F1248)-N(G1248)<=0,"",E1248/(E1248+F1248-N(G1248))*100)
A1249: SWZ | B1249: Eswatini | C1249: Southern Africa | D1249: 1969 | E1249: 5 | F1249: 0 | G1249: 5 | H1249: 0 | I1249: 0.03 | J1249: 0 | K1249: 0.3 | L1249: historic | M1249: =IF(N(E1249)+N(F1249)-N(G1249)<=0,"",E1249/(E1249+F1249-N(G1249))*100)
A1250: SWZ | B1250: Eswatini | C1250: Southern Africa | D1250: 1970 | E1250: 5 | F1250: 0 | G1250: 5 | H1250: 0 | I1250: 0.1 | J1250: 0 | K1250: 0.96 | L1250: historic | M1250: =IF(N(E1250)+N(F1250)-N(G1250)<=0,"",E1250/(E1250+F1250-N(G1250))*100)
A1251: SWZ | B1251: Eswatini | C1251: Southern Africa | D1251: 1971 | E1251: 5 | F1251: 0 | G1251: 4 | H1251: 0 | I1251: 0.3 | J1251: 0 | K1251: 2.94 | L1251: historic | M1251: =IF(N(E1251)+N(F1251)-N(G1251)<=0,"",E1251/(E1251+F1251-N(G1251))*100) -> 500
A1252: SWZ | B1252: Eswatini | C1252: Southern Africa | D1252: 1972 | E1252: 4 | F1252: 0 | G1252: 4 | H1252: 0 | I1252: 0.41 | J1252: 0 | K1252: 4.03 | L1252: historic | M1252: =IF(N(E1252)+N(F1252)-N(G1252)<=0,"",E1252/(E1252+F1252-N(G1252))*100)
... A1601: GMB | B1601: Gambia | C1601: Western Africa | D1601: 2016 | E1601: 32.83 | F1601: 314.9 | G1601: 2.01 | H1601: 349.74 | I1601: 153.2223 | J1601: 372.52 | K1601: 683.75 | L1601: current | M1601: =IF(N(E1601)+N(F1601)-N(G1601)<=0,"",E1601/(E1601+F1601-N(G1601))*100) -> 9.496124
A1602: GMB | B1602: Gambia | C1602: Western Africa | D1602: 2017 | E1602: 20.1 | F1602: 385.92 | H1602: 383.91 | I1602: 164.0428 | J1602: 406.69 | K1602: 720.14 | L1602: current | M1602: =IF(N(E1602)+N(F1602)-N(G1602)<=0,"",E1602/(E1602+F1602-N(G1602))*100) -> 4.950495
A1603: GMB | B1603: Gambia | C1603: Western Africa | D1603: 2018 | E1603: 17.42 | F1603: 496.47 | H1603: 442.2 | I1603: 184.3773 | J1603: 472.35 | K1603: 794.47 | L1603: current | M1603: =IF(N(E1603)+N(F1603)-N(G1603)<=0,"",E1603/(E1603+F1603-N(G1603))*100) -> 3.3898305
A1604: GMB | B1604: Gambia | C1604: Western Africa | D1604: 2019 | E1604: 14.74 | F1604: 357.11 | H1604: 471.01 | I1604: 191.7071 | J1604: 489.1 | K1604: 814.84 | L1604: current | M1604: =IF(N(E1604)+N(F1604)-N(G1604)<=0,"",E1604/(E1604+F1604-N(G1604))*100) -> 3.963964
A1605: GMB | B1605: Gambia | C1605: Western Africa | D1605: 2020 | E1605: 26.8 | F1605: 644.54 | G1605: 0.67 | H1605: 513.22 | I1605: 204.0418 | J1605: 554.09 | K1605: 862.31 | L1605: current | M1605: =IF(N(E1605)+N(F1605)-N(G1605)<=0,"",E1605/(E1605+F1605-N(G1605))*100) -> 3.996004
A1606: GMB | B1606: Gambia | C1606: Western Africa | D1606: 2021 | E1606: 26.8 | F1606: 463.64 | H1606: 519.25 | I1606: 201.4757 | J1606: 543.37 | K1606: 852.04 | L1606: current | M1606: =IF(N(E1606)+N(F1606)-N(G1606)<=0,"",E1606/(E1606+F1606-N(G1606))*100) -> 5.4644809
A1607: GMB | B1607: Gambia | C1607: Western Africa | D1607: 2022 | E1607: 30.15 | F1607: 520.59 | G1607: 0 | H1607: 546.72 | I1607: 207.2511 | J1607: 575.53 | K1607: 872.84 | L1607: current | M1607: =IF(N(E1607)+N(F1607)-N(G1607)<=0,"",E1607/(E1607+F1607-N(G1607))*100) -> 5.4744526
A1608: GMB | B1608: Gambia | C1608: Western Africa | D1608: 2023 | E1608: 36.85 | F1608: 613.05 | G1608: 0 | H1608: 561.46 | I1608: 208.1891 | J1608: 585.58 | K1608: 885.06 | L1608: current | M1608: =IF(N(E1608)+N(F1608)-N(G1608)<=0,"",E1608/(E1608+F1608-N(G1608))*100) -> 5.6701031
A1609: GHA | B1609: Ghana | C1609: Western Africa | D1609: 1961 | E1609: 20 | F1609: 34 | G1609: 0 | H1609: 49 | I1609: 7.15 | J1609: 54 | K1609: 63.96 | L1609: historic | M1609: =IF(N(E1609)+N(F1609)-N(G1609)<=0,"",E1609/(E1609+F1609-N(G1609))*100) -> 37.037037
A1610: GHA | B1610: Ghana | C1610: Western Africa | D1610: 1962 | E1610: 21 | F1610: 52 | G1610: 0 | H1610: 60 | I1610: 8.52 | J1610: 66 | K1610: 76.21 | L1610: historic | M1610: =IF(N(E1610)+N(F1610)-N(G1610)<=0,"",E1610/(E1610+F1610-N(G1610))*100) -> 28.767123
A1611: GHA | B1611: Ghana | C1611: Western Africa | D1611: 1963 | E1611: 22 | F1611: 19 | G1611: 0 | H1611: 41 | I1611: 5.62 | J1611: 48 | K1611: 50.3 | L1611: historic | M1611: =IF(N(E1611)+N(F1611)-N(G1611)<=0,"",E1611/(E1611+F1611-N(G1611))*100) -> 53.658537
A1612: GHA | B1612: Ghana | C1612: Western Africa | D1612: 1964 | E1612: 29 | F1612: 28 | G1612: 0 | H1612: 50 | I1612: 6.67 | J1612: 57 | K1612: 59.69 | L1612: historic | M1612: =IF(N(E1612)+N(F1612)-N(G1612)<=0,"",E1612/(E1612+F1612-N(G1612))*100) -> 50.877193
A1613: GHA | B1613: Ghana | C1613: Western Africa | D1613: 1965 | E1613: 22 | F1613: 33 | G1613: 0 | H1613: 50 | I1613: 6.45 | J1613: 55 | K1613: 57.69 | L1613: historic | M1613: =IF(N(E1613)+N(F1613)-N(G1613)<=0,"",E1613/(E1613+F1613-N(G1613))*100) -> 40
A1614: GHA | B1614: Ghana | C1614: Western Africa | D1614: 1966 | E1614: 25 | F1614: 54 | G1614: 0 | H1614: 72 | I1614: 9.14 | J1614: 79 | K1614: 81.81 | L1614: historic | M1614: =IF(N(E1614)+N(F1614)-N(G1614)<=0,"",E1614/(E1614+F1614-N(G1614))*100) -> 31.64557
A1615: GHA | B1615: Ghana | C1615: Western Africa | D1615: 1967 | E1615: 35 | F1615: 45 | G1615: 0 | H1615: 71 | I1615: 8.83 | J1615: 79 | K1615: 78.95 | L1615: historic | M1615: =IF(N(E1615)+N(F1615)-N(G1615)<=0,"",E1615/(E1615+F1615-N(G1615))*100) -> 43.75
...

Sheet Regions
A1: Region | B1: Year | C1: Production, paddy (t) | D1: Area harvested (ha) | E1: Imports (t) | F1: Exports (t) | G1: Population (persons) | H1: Countries reporting | I1: Production, milled (t) | J1: Yield, paddy (kg/ha) | K1: Apparent consumption (t) | L1: PPC (kg/capita) | M1: CPC (kg/capita) | N1: SSR (%) | O1: IDR (%)
A2: Eastern Africa | B2: 1961 | C2: =SUMIFS(FAOSTAT!$E$2:$E$3310,FAOSTAT!$D$2:$D$3310,$B2,FAOSTAT!$C$2:$C$3310,$A2) -> 1684134 | D2: =SUMIFS(FAOSTAT!$F$2:$F$3310,FAOSTAT!$D$2:$D$3310,$B2,FAOSTAT!$C$2:$C$3310,$A2) -> 977927 | E2: =SUMIFS(FAOSTAT!$G$2:$G$3310,FAOSTAT!$D$2:$D$3310,$B2,FAOSTAT!$C$2:$C$3310,$A2) -> 127440.2 | F2: =SUMIFS(FAOSTAT!$H$2:$H$3310,FAOSTAT!$D$2:$D$3310,$B2,FAOSTAT!$C$2:$C$3310,$A2) -> 37160 | G2: =SUMIFS(FAOSTAT!$I$2:$I$3310,FAOSTAT!$D$2:$D$3310,$B2,FAOSTAT!$C$2:$C$3310,$A2) -> 59312243 | H2: =COUNTIFS(FAOSTAT!$D$2:$D$3310,$B2,FAOSTAT!$C$2:$C$3310,$A2,FAOSTAT!$E$2:$E$3310,">0") -> 9 | I2: =IFERROR(C2*MillingRate,"") -> 1128369.8 | J2: =IFERROR(C2*1000/D2,"") -> 1722.1469 | K2: =IFERROR(I2+E2-F2,"") -> 1218650 | L2: =IFERROR(I2*1000/G2,"") -> 19.02423 | M2: =IFERROR(K2*1000/G2,"") -> 20.546348 | N2: =IF(N(K2)<=0,"",I2/K2*100) -> 92.591786 | O2: =IF(N(K2)<=0,"",E2/K2*100) -> 10.45749
A3: Eastern Africa | B3: 1962 | C3: =SUMIFS(FAOSTAT!$E$2:$E$3310,FAOSTAT!$D$2:$D$3310,$B3,FAOSTAT!$C$2:$C$3310,$A3) -> 1777551 | D3: =SUMIFS(FAOSTAT!$F$2:$F$3310,FAOSTAT!$D$2:$D$3310,$B3,FAOSTAT!$C$2:$C$3310,$A3) -> 1025097 | E3: =SUMIFS(FAOSTAT!$G$2:$G$3310,FAOSTAT!$D$2:$D$3310,$B3,FAOSTAT!$C$2:$C$3310,$A3) -> 132772.2 | F3: =SUMIFS(FAOSTAT!$H$2:$H$3310,FAOSTAT!$D$2:$D$3310,$B3,FAOSTAT!$C$2:$C$3310,$A3) -> 61039 | G3: =SUMIFS(FAOSTAT!$I$2:$I$3310,FAOSTAT!$D$2:$D$3310,$B3,FAOSTAT!$C$2:$C$3310,$A3) -> 61009399 | H3: =COUNTIFS(FAOSTAT!$D$2:$D$3310,$B3,FAOSTAT!$C$2:$C$3310,$A3,FAOSTAT!$E$2:$E$3310,">0") -> 9 | I3: =IFERROR(C3*MillingRate,"") -> 1190959.2 | J3: =IFERROR(C3*1000/D3,"") -> 1734.032 | K3: =IFERROR(I3+E3-F3,"") -> 1262692.4 | L3: =IFERROR(I3*1000/G3,"") -> 19.520913 | M3: =IFERROR(K3*1000/G3,"") -> 20.696686 | N3: =IF(N(K3)<=0,"",I3/K3*100) -> 94.319028 | O3: =IF(N(K3)<=0,"",E3/K3*100) -> 10.515008
A4: Eastern Africa | B4: 1963 | C4: =SUMIFS(FAOSTAT!$E$2:$E$3310,FAOSTAT!$D$2:$D$3310,$B4,FAOSTAT!$C$2:$C$3310,$A4) -> 1876473 | D4: =SUMIFS(FAOSTAT!$F$2:$F$3310,FAOSTAT!$D$2:$D$3310,$B4,FAOSTAT!$C$2:$C$3310,$A4) -> 1053213 | E4: =SUMIFS(FAOSTAT!$G$2:$G$3310,FAOSTAT!$D$2:$D$3310,$B4,FAOSTAT!$C$2:$C$3310,$A4) -> 141084.6 | F4: =SUMIFS(FAOSTAT!$H$2:$H$3310,FAOSTAT!$D$2:$D$3310,$B4,FAOSTAT!$C$2:$C$3310,$A4) -> 42285 | G4: =SUMIFS(FAOSTAT!$I$2:$I$3310,FAOSTAT!$D$2:$D$3310,$B4,FAOSTAT!$C$2:$C$3310,$A4) -> 62755367 | H4: =COUNTIFS(FAOSTAT!$D$2:$D$3310,$B4,FAOSTAT!$C$2:$C$3310,$A4,FAOSTAT!$E$2:$E$3310,">0") -> 9 | I4: =IFERROR(C4*MillingRate,"") -> 1257236.9 | J4: =IFERROR(C4*1000/D4,"") -> 1781.6652 | K4: =IFERROR(I4+E4-F4,"") -> 1356036.5 | L4: =IFERROR(I4*1000/G4,"") -> 20.033934 | M4: =IFERROR(K4*1000/G4,"") -> 21.608295 | N4: =IF(N(K4)<=0,"",I4/K4*100) -> 92.71409 | O4: =IF(N(K4)<=0,"",E4/K4*100) -> 10.404189
A5: Eastern Africa | B5: 1964 | C5: =SUMIFS(FAOSTAT!$E$2:$E$3310,FAOSTAT!$D$2:$D$3310,$B5,FAOSTAT!$C$2:$C$3310,$A5) -> 1937103 | D5: =SUMIFS(FAOSTAT!$F$2:$F$3310,FAOSTAT!$D$2:$D$3310,$B5,FAOSTAT!$C$2:$C$3310,$A5) -> 1054357 | E5: =SUMIFS(FAOSTAT!$G$2:$G$3310,FAOSTAT!$D$2:$D$3310,$B5,FAOSTAT!$C$2:$C$3310,$A5) -> 151764.2 | F5: =SUMIFS(FAOSTAT!$H$2:$H$3310,FAOSTAT!$D$2:$D$3310,$B5,FAOSTAT!$C$2:$C$3310,$A5) -> 37651 | G5: =SUMIFS(FAOSTAT!$I$2:$I$3310,FAOSTAT!$D$2:$D$3310,$B5,FAOSTAT!$C$2:$C$3310,$A5) -> 64595942 | H5: =COUNTIFS(FAOSTAT!$D$2:$D$3310,$B5,FAOSTAT!$C$2:$C$3310,$A5,FAOSTAT!$E$2:$E$3310,">0") -> 10 | I5: =IFERROR(C5*MillingRate,"") -> 1297859 | J5: =IFERROR(C5*1000/D5,"") -> 1837.2363 | K5: =IFERROR(I5+E5-F5,"") -> 1411972.2 | L5: =IFERROR(I5*1000/G5,"") -> 20.091959 | M5: =IFERROR(K5*1000/G5,"") -> 21.858528 | N5: =IF(N(K5)<=0,"",I5/K5*100) -> 91.91817 | O5: =IF(N(K5)<=0,"",E5/K5*100) -> 10.748384
A6: Eastern Africa | B6: 1965 | C6: =SUMIFS(FAOSTAT!$E$2:$E$3310,FAOSTAT!$D$2:$D$3310,$B6,FAOSTAT!$C$2:$C$3310,$A6) -> 1796378 | D6: =SUMIFS(FAOSTAT!$F$2:$F$3310,FAOSTAT!$D$2:$D$3310,$B6,FAOSTAT!$C$2:$C$3310,$A6) -> 993422 | E6: =SUMIFS(FAOSTAT!$G$2:$G$3310,FAOSTAT!$D$2:$D$3310,$B6,FAOSTAT!$C$2:$C$3310,$A6) -> 232705.2 | F6: =SUMIFS(FAOSTAT!$H$2:$H$3310,FAOSTAT!$D$2:$D$3310,$B6,FAOSTAT!$C$2:$C$3310,$A6) -> 16092 | G6: =SUMIFS(FAOSTAT!$I$2:$I$3310,FAOSTAT!$D$2:$D$3310,$B6,FAOSTAT!$C$2:$C$3310,$A6) -> 66516402 | H6: =COUNTIFS(FAOSTAT!$D$2:$D$3310,$B6,FAOSTAT!$C$2:$C$3310,$A6,FAOSTAT!$E$2:$E$3310,">0") -> 10 | I6: =IFERROR(C6*MillingRate,"") -> 1203573.3 | J6: =IFERROR(C6*1000/D6,"") -> 1808.2728 | K6: =IFERROR(I6+E6-F6,"") -> 1420186.5 | L6: =IFERROR(I6*1000/G6,"") -> 18.094383 | M6: =IFERROR(K6*1000/G6,"") -> 21.350921 | N6: =IF(N(K6)<=0,"",I6/K6*100) -> 84.747552 | O6: =IF(N(K6)<=0,"",E6/K6*100) -> 16.385539
A7: Eastern Africa | B7: 1966 | C7: =SUMIFS(FAOSTAT!$E$2:$E$3310,FAOSTAT!$D$2:$D$3310,$B7,FAOSTAT!$C$2:$C$3310,$A7) -> 1866257 | D7: =SUMIFS(FAOSTAT!$F$2:$F$3310,FAOSTAT!$D$2:$D$3310,$B7,FAOSTAT!$C$2:$C$3310,$A7) -> 1202052 | E7: =SUMIFS(FAOSTAT!$G$2:$G$3310,FAOSTAT!$D$2:$D$3310,$B7,FAOSTAT!$C$2:$C$3310,$A7) -> 156584.2 | F7: =SUMIFS(FAOSTAT!$H$2:$H$3310,FAOSTAT!$D$2:$D$3310,$B7,FAOSTAT!$C$2:$C$3310,$A7) -> 29471 | G7: =SUMIFS(FAOSTAT!$I$2:$I$3310,FAOSTAT!$D$2:$D$3310,$B7,FAOSTAT!$C$2:$C$3310,$A7) -> 68503013 | H7: =COUNTIFS(FAOSTAT!$D$2:$D$3310,$B7,FAOSTAT!$C$2:$C$3310,$A7,FAOSTAT!$E$2:$E$3310,">0") -> 10 | I7: =IFERROR(C7*MillingRate,"") -> 1250392.2 | J7: =IFERROR(C7*1000/D7,"") -> 1552.5593 | K7: =IFERROR(I7+E7-F7,"") -> 1377505.4 | L7: =IFERROR(I7*1000/G7,"") -> 18.253098 | M7: =IFERROR(K7*1000/G7,"") -> 20.108683 | N7: =IF(N(K7)<=0,"",I7/K7*100) -> 90.772218 | O7: =IF(N(K7)<=0,"",E7/K7*100) -> 11.36723
A8: Eastern Africa | B8: 1967 | C8: =SUMIFS(FAOSTAT!$E$2:$E$3310,FAOSTAT!$D$2:$D$3310,$B8,FAOSTAT!$C$2:$C$3310,$A8) -> 1953461 | D8: =SUMIFS(FAOSTAT!$F$2:$F$3310,FAOSTAT!$D$2:$D$3310,$B8,FAOSTAT!$C$2:$C$3310,$A8) -> 1205214 | E8: =SUMIFS(FAOSTAT!$G$2:$G$3310,FAOSTAT!$D$2:$D$3310,$B8,FAOSTAT!$C$2:$C$3310,$A8) -> 139223.2 | F8: =SUMIFS(FAOSTAT!$H$2:$H$3310,FAOSTAT!$D$2:$D$3310,$B8,FAOSTAT!$C$2:$C$3310,$A8) -> 49990 | G8: =SUMIFS(FAOSTAT!$I$2:$I$3310,FAOSTAT!$D$2:$D$3310,$B8,FAOSTAT!$C$2:$C$3310,$A8) -> 70574335 | H8: =COUNTIFS(FAOSTAT!$D$2:$D$3310,$B8,FAOSTAT!$C$2:$C$3310,$A8,FAOSTAT!$E$2:$E$3310,">0") -> 11 | I8: =IFERROR(C8*MillingRate,"") -> 1308818.9 | J8: =IFERROR(C8*1000/D8,"") -> 1620.8416 | K8: =IFERROR(I8+E8-F8,"") -> 1398052.1 | L8: =IFERROR(I8*1000/G8,"") -> 18.545253 | M8: =IFERROR(K8*1000/G8,"") -> 19.809639 | N8: =IF(N(K8)<=0,"",I8/K8*100) -> 93.617319 | O8: =IF(N(K8)<=0,"",E8/K8*100) -> 9.9583701
A9: Eastern Africa | B9: 1968 | C9: =SUMIFS(FAOSTAT!$E$2:$E$3310,FAOSTAT!$D$2:$D$3310,$B9,FAOSTAT!$C$2:$C$3310,$A9) -> 2029712 | D9: =SUMIFS(FAOSTAT!$F$2:$F$3310,FAOSTAT!$D$2:$D$3310,$B9,FAOSTAT!$C$2:$C$3310,$A9) -> 1244861 | E9: =SUMIFS(FAOSTAT!$G$2:$G$3310,FAOSTAT!$D$2:$D$3310,$B9,FAOSTAT!$C$2:$C$3310,$A9) -> 124501.2 | F9: =SUMIFS(FAOSTAT!$H$2:$H$3310,FAOSTAT!$D$2:$D$3310,$B9,FAOSTAT!$C$2:$C$3310,$A9) -> 77307 | G9: =SUMIFS(FAOSTAT!$I$2:$I$3310,FAOSTAT!$D$2:$D$3310,$B9,FAOSTAT!$C$2:$C$3310,$A9) -> 72736750 | H9: =COUNTIFS(FAOSTAT!$D$2:$D$3310,$B9,FAOSTAT!$C$2:$C$3310,$A9,FAOSTAT!$E$2:$E$3310,">0") -> 12 | I9: =IFERROR(C9*MillingRate,"") -> 1359907 | J9: =IFERROR(C9*1000/D9,"") -> 1630.4728 | K9: =IFERROR(I9+E9-F9,"") -> 1407101.2 | L9: =IFERROR(I9*1000/G9,"") -> 18.696285 | M9: =IFERROR(K9*1000/G9,"") -> 19.345121 | N9: =IF(N(K9)<=0,"",I9/K9*100) -> 96.645998 | O9: =IF(N(K9)<=0,"",E9/K9*100) -> 8.8480627
A10: Eastern Africa | B10: 1969 | C10: =SUMIFS(FAOSTAT!$E$2:$E$3310,FAOSTAT!$D$2:$D$3310,$B10,FAOSTAT!$C$2:$C$3310,$A10) -> 2122987 | D10: =SUMIFS(FAOSTAT!$F$2:$F$3310,FAOSTAT!$D$2:$D$3310,$B10,FAOSTAT!$C$2:$C$3310,$A10) -> 1226155 | E10: =SUMIFS(FAOSTAT!$G$2:$G$3310,FAOSTAT!$D$2:$D$3310,$B10,FAOSTAT!$C$2:$C$3310,$A10) -> 168306.2 | F10: =SUMIFS(FAOSTAT!$H$2:$H$3310,FAOSTAT!$D$2:$D$3310,$B10,FAOSTAT!$C$2:$C$3310,$A10) -> 56819 | G10: =SUMIFS(FAOSTAT!$I$2:$I$3310,FAOSTAT!$D$2:$D$3310,$B10,FAOSTAT!$C$2:$C$3310,$A10) -> 74976238 | H10: =COUNTIFS(FAOSTAT!$D$2:$D$3310,$B10,FAOSTAT!$C$2:$C$3310,$A10,FAOSTAT!$E$2:$E$3310,">0") -> 12 | I10: =IFERROR(C10*MillingRate,"") -> 1422401.3 | J10: =IFERROR(C10*1000/D10,"") -> 1731.4181 | K10: =IFERROR(I10+E10-F10,"") -> 1533888.5 | L10: =IFERROR(I10*1000/G10,"") -> 18.971361 | M10: =IFERROR(K10*1000/G10,"") -> 20.458328 | N10: =IF(N(K10)<=0,"",I10/K10*100) -> 92.731727 | O10: =IF(N(K10)<=0,"",E10/K10*100) -> 10.972519
A11: Eastern Africa | B11: 1970 | C11: =SUMIFS(FAOSTAT!$E$2:$E$3310,FAOSTAT!$D$2:$D$3310,$B11,FAOSTAT!$C$2:$C$3310,$A11) -> 2261862 | D11: =SUMIFS(FAOSTAT!$F$2:$F$3310,FAOSTAT!$D$2:$D$3310,$B11,FAOSTAT!$C$2:$C$3310,$A11) -> 1283610 | E11: =SUMIFS(FAOSTAT!$G$2:$G$3310,FAOSTAT!$D$2:$D$3310,$B11,FAOSTAT!$C$2:$C$3310,$A11) -> 147053.2 | F11: =SUMIFS(FAOSTAT!$H$2:$H$3310,FAOSTAT!$D$2:$D$3310,$B11,FAOSTAT!$C$2:$C$3310,$A11) -> 73158 | G11: =SUMIFS(FAOSTAT!$I$2:$I$3310,FAOSTAT!$D$2:$D$3310,$B11,FAOSTAT!$C$2:$C$3310,$A11) -> 77267105 | H11: =COUNTIFS(FAOSTAT!$D$2:$D$3310,$B11,FAOSTAT!$C$2:$C$3310,$A11,FAOSTAT!$E$2:$E$3310,">0") -> 13 | I11: =IFERROR(C11*MillingRate,"") -> 1515447.5 | J11: =IFERROR(C11*1000/D11,"") -> 1762.11 | K11: =IFERROR(I11+E11-F11,"") -> 1589342.7 | L11: =IFERROR(I11*1000/G11,"") -> 19.613101 | M11: =IFERROR(K11*1000/G11,"") -> 20.569461 | N11: =IF(N(K11)<=0,"",I11/K11*100) -> 95.350581 | O11: =IF(N(K11)<=0,"",E11/K11*100) -> 9.2524536
A12: Eastern Africa | B12: 1971 | C12: =SUMIFS(FAOSTAT!$E$2:$E$3310,FAOSTAT!$D$2:$D$3310,$B12,FAOSTAT!$C$2:$C$3310,$A12) -> 2277251 | D12: =SUMIFS(FAOSTAT!$F$2:$F$3310,FAOSTAT!$D$2:$D$3310,$B12,FAOSTAT!$C$2:$C$3310,$A12) -> 1307411 | E12: =SUMIFS(FAOSTAT!$G$2:$G$3310,FAOSTAT!$D$2:$D$3310,$B12,FAOSTAT!$C$2:$C$3310,$A12) -> 219125.2 | F12: =SUMIFS(FAOSTAT!$H$2:$H$3310,FAOSTAT!$D$2:$D$3310,$B12,FAOSTAT!$C$2:$C$3310,$A12) -> 47520 | G12: =SUMIFS(FAOSTAT!$I$2:$I$3310,FAOSTAT!$D$2:$D$3310,$B12,FAOSTAT!$C$2:$C$3310,$A12) -> 79608660 | H12: =COUNTIFS(FAOSTAT!$D$2:$D$3310,$B12,FAOSTAT!$C$2:$C$3310,$A12,FAOSTAT!$E$2:$E$3310,">0") -> 13 | I12: =IFERROR(C12*MillingRate,"") -> 1525758.2 | J12: =IFERROR(C12*1000/D12,"") -> 1741.8019 | K12: =IFERROR(I12+E12-F12,"") -> 1697363.4 | L12: =IFERROR(I12*1000/G12,"") -> 19.165731 | M12: =IFERROR(K12*1000/G12,"") -> 21.321341 | N12: =IF(N(K12)<=0,"",I12/K12*100) -> 89.889896 | O12: =IF(N(K12)<=0,"",E12/K12*100) -> 12.90974
A13: Eastern Africa | B13: 1972 | C13: =SUMIFS(FAOSTAT!$E$2:$E$3310,FAOSTAT!$D$2:$D$3310,$B13,FAOSTAT!$C$2:$C$3310,$A13) -> 2324545 | D13: =SUMIFS(FAOSTAT!$F$2:$F$3310,FAOSTAT!$D$2:$D$3310,$B13,FAOSTAT!$C$2:$C$3310,$A13) -> 1331426 | E13: =SUMIFS(FAOSTAT!$G$2:$G$3310,FAOSTAT!$D$2:$D$3310,$B13,FAOSTAT!$C$2:$C$3310,$A13) -> 199821.2 | F13: =SUMIFS(FAOSTAT!$H$2:$H$3310,FAOSTAT!$D$2:$D$3310,$B13,FAOSTAT!$C$2:$C$3310,$A13) -> 41679 | G13: =SUMIFS(FAOSTAT!$I$2:$I$3310,FAOSTAT!$D$2:$D$3310,$B13,FAOSTAT!$C$2:$C$3310,$A13) -> 81924482 | H13: =COUNTIFS(FAOSTAT!$D$2:$D$3310,$B13,FAOSTAT!$C$2:$C$3310,$A13,FAOSTAT!$E$2:$E$3310,">0") -> 13 | I13: =IFERROR(C13*MillingRate,"") -> 1557445.2 | J13: =IFERROR(C13*1000/D13,"") -> 1745.9063 | K13: =IFERROR(I13+E13-F13,"") -> 1715587.4 | L13: =IFERROR(I13*1000/G13,"") -> 19.010742 | M13: =IFERROR(K13*1000/G13,"") -> 20.941083 | N13: =IF(N(K13)<=0,"",I13/K13*100) -> 90.782037 | O13: =IF(N(K13)<=0,"",E13/K13*100) -> 11.647393
... A321: Western Africa | B321: 2024 | C321: =SUMIFS(FAOSTAT!$E$2:$E$3310,FAOSTAT!$D$2:$D$3310,$B321,FAOSTAT!$C$2:$C$3310,$A321) -> 25048728 | D321: =SUMIFS(FAOSTAT!$F$2:$F$3310,FAOSTAT!$D$2:$D$3310,$B321,FAOSTAT!$C$2:$C$3310,$A321) -> 11586499 | E321: =SUMIFS(FAOSTAT!$G$2:$G$3310,FAOSTAT!$D$2:$D$3310,$B321,FAOSTAT!$C$2:$C$3310,$A321) -> 9867028.5 | F321: =SUMIFS(FAOSTAT!$H$2:$H$3310,FAOSTAT!$D$2:$D$3310,$B321,FAOSTAT!$C$2:$C$3310,$A321) -> 137196.6 | G321: =SUMIFS(FAOSTAT!$I$2:$I$3310,FAOSTAT!$D$2:$D$3310,$B321,FAOSTAT!$C$2:$C$3310,$A321) -> 455137412 | H321: =COUNTIFS(FAOSTAT!$D$2:$D$3310,$B321,FAOSTAT!$C$2:$C$3310,$A321,FAOSTAT!$E$2:$E$3310,">0") -> 15 | I321: =IFERROR(C321*MillingRate,"") -> 16782648 | J321: =IFERROR(C321*1000/D321,"") -> 2161.8893 | K321: =IFERROR(I321+E321-F321,"") -> 26512480 | L321: =IFERROR(I321*1000/G321,"") -> 36.873805 | M321: =IFERROR(K321*1000/G321,"") -> 58.251594 | N321: =IF(N(K321)<=0,"",I321/K321*100) -> 63.300936 | O321: =IF(N(K321)<=0,"",E321/K321*100) -> 37.216543
A322: AFRICA (all reporting countries) | B322: 1961 | C322: =SUMIFS(FAOSTAT!$E$2:$E$3310,FAOSTAT!$D$2:$D$3310,$B322) -> 4307909 | D322: =SUMIFS(FAOSTAT!$F$2:$F$3310,FAOSTAT!$D$2:$D$3310,$B322) -> 2775528 | E322: =SUMIFS(FAOSTAT!$G$2:$G$3310,FAOSTAT!$D$2:$D$3310,$B322) -> 482913.3 | F322: =SUMIFS(FAOSTAT!$H$2:$H$3310,FAOSTAT!$D$2:$D$3310,$B322) -> 312956.85 | G322: =SUMIFS(FAOSTAT!$I$2:$I$3310,FAOSTAT!$D$2:$D$3310,$B322) -> 255632489 | H322: =COUNTIFS(FAOSTAT!$D$2:$D$3310,$B322,FAOSTAT!$E$2:$E$3310,">0") -> 36 | I322: =IFERROR(C322*MillingRate,"") -> 2886299 | J322: =IFERROR(C322*1000/D322,"") -> 1552.1043 | K322: =IFERROR(I322+E322-F322,"") -> 3056255.5 | L322: =IFERROR(I322*1000/G322,"") -> 11.290815 | M322: =IFERROR(K322*1000/G322,"") -> 11.955661 | N322: =IF(N(K322)<=0,"",I322/K322*100) -> 94.439063 | O322: =IF(N(K322)<=0,"",E322/K322*100) -> 15.800816
A323: AFRICA (all reporting countries) | B323: 1962 | C323: =SUMIFS(FAOSTAT!$E$2:$E$3310,FAOSTAT!$D$2:$D$3310,$B323) -> 5580715 | D323: =SUMIFS(FAOSTAT!$F$2:$F$3310,FAOSTAT!$D$2:$D$3310,$B323) -> 3099043 | E323: =SUMIFS(FAOSTAT!$G$2:$G$3310,FAOSTAT!$D$2:$D$3310,$B323) -> 547525 | F323: =SUMIFS(FAOSTAT!$H$2:$H$3310,FAOSTAT!$D$2:$D$3310,$B323) -> 228534.55 | G323: =SUMIFS(FAOSTAT!$I$2:$I$3310,FAOSTAT!$D$2:$D$3310,$B323) -> 261847451 | H323: =COUNTIFS(FAOSTAT!$D$2:$D$3310,$B323,FAOSTAT!$E$2:$E$3310,">0") -> 36 | I323: =IFERROR(C323*MillingRate,"") -> 3739079.1 | J323: =IFERROR(C323*1000/D323,"") -> 1800.7866 | K323: =IFERROR(I323+E323-F323,"") -> 4058069.5 | L323: =IFERROR(I323*1000/G323,"") -> 14.279608 | M323: =IFERROR(K323*1000/G323,"") -> 15.497838 | N323: =IF(N(K323)<=0,"",I323/K323*100) -> 92.139355 | O323: =IF(N(K323)<=0,"",E323/K323*100) -> 13.492253
A324: AFRICA (all reporting countries) | B324: 1963 | C324: =SUMIFS(FAOSTAT!$E$2:$E$3310,FAOSTAT!$D$2:$D$3310,$B324) -> 5813046 | D324: =SUMIFS(FAOSTAT!$F$2:$F$3310,FAOSTAT!$D$2:$D$3310,$B324) -> 3040984 | E324: =SUMIFS(FAOSTAT!$G$2:$G$3310,FAOSTAT!$D$2:$D$3310,$B324) -> 545741.05 | F324: =SUMIFS(FAOSTAT!$H$2:$H$3310,FAOSTAT!$D$2:$D$3310,$B324) -> 434209.5 | G324: =SUMIFS(FAOSTAT!$I$2:$I$3310,FAOSTAT!$D$2:$D$3310,$B324) -> 268282311 | H324: =COUNTIFS(FAOSTAT!$D$2:$D$3310,$B324,FAOSTAT!$E$2:$E$3310,">0") -> 36 | I324: =IFERROR(C324*MillingRate,"") -> 3894740.8 | J324: =IFERROR(C324*1000/D324,"") -> 1911.5674 | K324: =IFERROR(I324+E324-F324,"") -> 4006272.4 | L324: =IFERROR(I324*1000/G324,"") -> 14.517322 | M324: =IFERROR(K324*1000/G324,"") -> 14.933047 | N324: =IF(N(K324)<=0,"",I324/K324*100) -> 97.216077 | O324: =IF(N(K324)<=0,"",E324/K324*100) -> 13.622165
A325: AFRICA (all reporting countries) | B325: 1964 | C325: =SUMIFS(FAOSTAT!$E$2:$E$3310,FAOSTAT!$D$2:$D$3310,$B325) -> 5833869 | D325: =SUMIFS(FAOSTAT!$F$2:$F$3310,FAOSTAT!$D$2:$D$3310,$B325) -> 3185414 | E325: =SUMIFS(FAOSTAT!$G$2:$G$3310,FAOSTAT!$D$2:$D$3310,$B325) -> 639912.7 | F325: =SUMIFS(FAOSTAT!$H$2:$H$3310,FAOSTAT!$D$2:$D$3310,$B325) -> 576730.75 | G325: =SUMIFS(FAOSTAT!$I$2:$I$3310,FAOSTAT!$D$2:$D$3310,$B325) -> 274937632 | H325: =COUNTIFS(FAOSTAT!$D$2:$D$3310,$B325,FAOSTAT!$E$2:$E$3310,">0") -> 37 | I325: =IFERROR(C325*MillingRate,"") -> 3908692.2 | J325: =IFERROR(C325*1000/D325,"") -> 1831.432 | K325: =IFERROR(I325+E325-F325,"") -> 3971874.2 | L325: =IFERROR(I325*1000/G325,"") -> 14.216651 | M325: =IFERROR(K325*1000/G325,"") -> 14.446455 | N325: =IF(N(K325)<=0,"",I325/K325*100) -> 98.409266 | O325: =IF(N(K325)<=0,"",E325/K325*100) -> 16.111102
A326: AFRICA (all reporting countries) | B326: 1965 | C326: =SUMIFS(FAOSTAT!$E$2:$E$3310,FAOSTAT!$D$2:$D$3310,$B326) -> 5472291 | D326: =SUMIFS(FAOSTAT!$F$2:$F$3310,FAOSTAT!$D$2:$D$3310,$B326) -> 3132035 | E326: =SUMIFS(FAOSTAT!$G$2:$G$3310,FAOSTAT!$D$2:$D$3310,$B326) -> 772524.3 | F326: =SUMIFS(FAOSTAT!$H$2:$H$3310,FAOSTAT!$D$2:$D$3310,$B326) -> 359846 | G326: =SUMIFS(FAOSTAT!$I$2:$I$3310,FAOSTAT!$D$2:$D$3310,$B326) -> 281798505 | H326: =COUNTIFS(FAOSTAT!$D$2:$D$3310,$B326,FAOSTAT!$E$2:$E$3310,">0") -> 37 | I326: =IFERROR(C326*MillingRate,"") -> 3666435 | J326: =IFERROR(C326*1000/D326,"") -> 1747.1998 | K326: =IFERROR(I326+E326-F326,"") -> 4079113.3 | L326: =IFERROR(I326*1000/G326,"") -> 13.010839 | M326: =IFERROR(K326*1000/G326,"") -> 14.475284 | N326: =IF(N(K326)<=0,"",I326/K326*100) -> 89.883137 | O326: =IF(N(K326)<=0,"",E326/K326*100) -> 18.938535
A327: AFRICA (all reporting countries) | B327: 1966 | C327: =SUMIFS(FAOSTAT!$E$2:$E$3310,FAOSTAT!$D$2:$D$3310,$B327) -> 5558106 | D327: =SUMIFS(FAOSTAT!$F$2:$F$3310,FAOSTAT!$D$2:$D$3310,$B327) -> 3235353 | E327: =SUMIFS(FAOSTAT!$G$2:$G$3310,FAOSTAT!$D$2:$D$3310,$B327) -> 755065.25 | F327: =SUMIFS(FAOSTAT!$H$2:$H$3310,FAOSTAT!$D$2:$D$3310,$B327) -> 385863.9 | G327: =SUMIFS(FAOSTAT!$I$2:$I$3310,FAOSTAT!$D$2:$D$3310,$B327) -> 288934447 | H327: =COUNTIFS(FAOSTAT!$D$2:$D$3310,$B327,FAOSTAT!$E$2:$E$3310,">0") -> 37 | I327: =IFERROR(C327*MillingRate,"") -> 3723931 | J327: =IFERROR(C327*1000/D327,"") -> 1717.9288 | K327: =IFERROR(I327+E327-F327,"") -> 4093132.4 | L327: =IFERROR(I327*1000/G327,"") -> 12.888498 | M327: =IFERROR(K327*1000/G327,"") -> 14.166301 | N327: =IF(N(K327)<=0,"",I327/K327*100) -> 90.97998 | O327: =IF(N(K327)<=0,"",E327/K327*100) -> 18.447125
A328: AFRICA (all reporting countries) | B328: 1967 | C328: =SUMIFS(FAOSTAT!$E$2:$E$3310,FAOSTAT!$D$2:$D$3310,$B328) -> 6618242 | D328: =SUMIFS(FAOSTAT!$F$2:$F$3310,FAOSTAT!$D$2:$D$3310,$B328) -> 3546048 | E328: =SUMIFS(FAOSTAT!$G$2:$G$3310,FAOSTAT!$D$2:$D$3310,$B328) -> 627627.05 | F328: =SUMIFS(FAOSTAT!$H$2:$H$3310,FAOSTAT!$D$2:$D$3310,$B328) -> 496811.65 | G328: =SUMIFS(FAOSTAT!$I$2:$I$3310,FAOSTAT!$D$2:$D$3310,$B328) -> 296382247 | H328: =COUNTIFS(FAOSTAT!$D$2:$D$3310,$B328,FAOSTAT!$E$2:$E$3310,">0") -> 38 | I328: =IFERROR(C328*MillingRate,"") -> 4434222.1 | J328: =IFERROR(C328*1000/D328,"") -> 1866.3712 | K328: =IFERROR(I328+E328-F328,"") -> 4565037.5 | L328: =IFERROR(I328*1000/G328,"") -> 14.96116 | M328: =IFERROR(K328*1000/G328,"") -> 15.402534 | N328: =IF(N(K328)<=0,"",I328/K328*100) -> 97.134407 | O328: =IF(N(K328)<=0,"",E328/K328*100) -> 13.748563
A329: AFRICA (all reporting countries) | B329: 1968 | C329: =SUMIFS(FAOSTAT!$E$2:$E$3310,FAOSTAT!$D$2:$D$3310,$B329) -> 6970186 | D329: =SUMIFS(FAOSTAT!$F$2:$F$3310,FAOSTAT!$D$2:$D$3310,$B329) -> 3665576 | E329: =SUMIFS(FAOSTAT!$G$2:$G$3310,FAOSTAT!$D$2:$D$3310,$B329) -> 646362.15 | F329: =SUMIFS(FAOSTAT!$H$2:$H$3310,FAOSTAT!$D$2:$D$3310,$B329) -> 661460.75 | G329: =SUMIFS(FAOSTAT!$I$2:$I$3310,FAOSTAT!$D$2:$D$3310,$B329) -> 304104354 | H329: =COUNTIFS(FAOSTAT!$D$2:$D$3310,$B329,FAOSTAT!$E$2:$E$3310,">0") -> 39 | I329: =IFERROR(C329*MillingRate,"") -> 4670024.6 | J329: =IFERROR(C329*1000/D329,"") -> 1901.5254 | K329: =IFERROR(I329+E329-F329,"") -> 4654926 | L329: =IFERROR(I329*1000/G329,"") -> 15.356652 | M329: =IFERROR(K329*1000/G329,"") -> 15.307002 | N329: =IF(N(K329)<=0,"",I329/K329*100) -> 100.32436 | O329: =IF(N(K329)<=0,"",E329/K329*100) -> 13.885552
A330: AFRICA (all reporting countries) | B330: 1969 | C330: =SUMIFS(FAOSTAT!$E$2:$E$3310,FAOSTAT!$D$2:$D$3310,$B330) -> 7133809 | D330: =SUMIFS(FAOSTAT!$F$2:$F$3310,FAOSTAT!$D$2:$D$3310,$B330) -> 3643199 | E330: =SUMIFS(FAOSTAT!$G$2:$G$3310,FAOSTAT!$D$2:$D$3310,$B330) -> 680473.8 | F330: =SUMIFS(FAOSTAT!$H$2:$H$3310,FAOSTAT!$D$2:$D$3310,$B330) -> 854188 | G330: =SUMIFS(FAOSTAT!$I$2:$I$3310,FAOSTAT!$D$2:$D$3310,$B330) -> 312124213 | H330: =COUNTIFS(FAOSTAT!$D$2:$D$3310,$B330,FAOSTAT!$E$2:$E$3310,">0") -> 39 | I330: =IFERROR(C330*MillingRate,"") -> 4779652 | J330: =IFERROR(C330*1000/D330,"") -> 1958.1168 | K330: =IFERROR(I330+E330-F330,"") -> 4605937.8 | L330: =IFERROR(I330*1000/G330,"") -> 15.313301 | M330: =IFERROR(K330*1000/G330,"") -> 14.756746 | N330: =IF(N(K330)<=0,"",I330/K330*100) -> 103.77153 | O330: =IF(N(K330)<=0,"",E330/K330*100) -> 14.773838
A331: AFRICA (all reporting countries) | B331: 1970 | C331: =SUMIFS(FAOSTAT!$E$2:$E$3310,FAOSTAT!$D$2:$D$3310,$B331) -> 7280424 | D331: =SUMIFS(FAOSTAT!$F$2:$F$3310,FAOSTAT!$D$2:$D$3310,$B331) -> 3785815 | E331: =SUMIFS(FAOSTAT!$G$2:$G$3310,FAOSTAT!$D$2:$D$3310,$B331) -> 739584.6 | F331: =SUMIFS(FAOSTAT!$H$2:$H$3310,FAOSTAT!$D$2:$D$3310,$B331) -> 744611.35 | G331: =SUMIFS(FAOSTAT!$I$2:$I$3310,FAOSTAT!$D$2:$D$3310,$B331) -> 320408146 | H331: =COUNTIFS(FAOSTAT!$D$2:$D$3310,$B331,FAOSTAT!$E$2:$E$3310,">0") -> 40 | I331: =IFERROR(C331*MillingRate,"") -> 4877884.1 | J331: =IFERROR(C331*1000/D331,"") -> 1923.0797 | K331: =IFERROR(I331+E331-F331,"") -> 4872857.3 | L331: =IFERROR(I331*1000/G331,"") -> 15.22397 | M331: =IFERROR(K331*1000/G331,"") -> 15.208282 | N331: =IF(N(K331)<=0,"",I331/K331*100) -> 100.10316 | O331: =IF(N(K331)<=0,"",E331/K331*100) -> 15.177637
A332: AFRICA (all reporting countries) | B332: 1971 | C332: =SUMIFS(FAOSTAT!$E$2:$E$3310,FAOSTAT!$D$2:$D$3310,$B332) -> 7358212 | D332: =SUMIFS(FAOSTAT!$F$2:$F$3310,FAOSTAT!$D$2:$D$3310,$B332) -> 3904771 | E332: =SUMIFS(FAOSTAT!$G$2:$G$3310,FAOSTAT!$D$2:$D$3310,$B332) -> 911144.15 | F332: =SUMIFS(FAOSTAT!$H$2:$H$3310,FAOSTAT!$D$2:$D$3310,$B332) -> 574090 | G332: =SUMIFS(FAOSTAT!$I$2:$I$3310,FAOSTAT!$D$2:$D$3310,$B332) -> 328876233 | H332: =COUNTIFS(FAOSTAT!$D$2:$D$3310,$B332,FAOSTAT!$E$2:$E$3310,">0") -> 40 | I332: =IFERROR(C332*MillingRate,"") -> 4930002 | J332: =IFERROR(C332*1000/D332,"") -> 1884.4158 | K332: =IFERROR(I332+E332-F332,"") -> 5267056.2 | L332: =IFERROR(I332*1000/G332,"") -> 14.990448 | M332: =IFERROR(K332*1000/G332,"") -> 16.015314 | N332: =IF(N(K332)<=0,"",I332/K332*100) -> 93.600711 | O332: =IF(N(K332)<=0,"",E332/K332*100) -> 17.298926
A333: AFRICA (all reporting countries) | B333: 1972 | C333: =SUMIFS(FAOSTAT!$E$2:$E$3310,FAOSTAT!$D$2:$D$3310,$B333) -> 7297579 | D333: =SUMIFS(FAOSTAT!$F$2:$F$3310,FAOSTAT!$D$2:$D$3310,$B333) -> 3843627 | E333: =SUMIFS(FAOSTAT!$G$2:$G$3310,FAOSTAT!$D$2:$D$3310,$B333) -> 830743.5 | F333: =SUMIFS(FAOSTAT!$H$2:$H$3310,FAOSTAT!$D$2:$D$3310,$B333) -> 509177.35 | G333: =SUMIFS(FAOSTAT!$I$2:$I$3310,FAOSTAT!$D$2:$D$3310,$B333) -> 337530762 | H333: =COUNTIFS(FAOSTAT!$D$2:$D$3310,$B333,FAOSTAT!$E$2:$E$3310,">0") -> 40 | I333: =IFERROR(C333*MillingRate,"") -> 4889377.9 | J333: =IFERROR(C333*1000/D333,"") -> 1898.6179 | K333: =IFERROR(I333+E333-F333,"") -> 5210944.1 | L333: =IFERROR(I333*1000/G333,"") -> 14.485725 | M333: =IFERROR(K333*1000/G333,"") -> 15.438427 | N333: =IF(N(K333)<=0,"",I333/K333*100) -> 93.829023 | O333: =IF(N(K333)<=0,"",E333/K333*100) -> 15.942284
... A385: AFRICA (all reporting countries) | B385: 2024 | C385: =SUMIFS(FAOSTAT!$E$2:$E$3310,FAOSTAT!$D$2:$D$3310,$B385) -> 44780178 | D385: =SUMIFS(FAOSTAT!$F$2:$F$3310,FAOSTAT!$D$2:$D$3310,$B385) -> 18882948 | E385: =SUMIFS(FAOSTAT!$G$2:$G$3310,FAOSTAT!$D$2:$D$3310,$B385) -> 17644174 | F385: =SUMIFS(FAOSTAT!$H$2:$H$3310,FAOSTAT!$D$2:$D$3310,$B385) -> 826211.02 | G385: =SUMIFS(FAOSTAT!$I$2:$I$3310,FAOSTAT!$D$2:$D$3310,$B385) -> 1512231333 | H385: =COUNTIFS(FAOSTAT!$D$2:$D$3310,$B385,FAOSTAT!$E$2:$E$3310,">0") -> 42 | I385: =IFERROR(C385*MillingRate,"") -> 30002720 | J385: =IFERROR(C385*1000/D385,"") -> 2371.4612 | K385: =IFERROR(I385+E385-F385,"") -> 46820682 | L385: =IFERROR(I385*1000/G385,"") -> 19.840033 | M385: =IFERROR(K385*1000/G385,"") -> 30.961323 | N385: =IF(N(K385)<=0,"",I385/K385*100) -> 64.080057 | O385: =IF(N(K385)<=0,"",E385/K385*100) -> 37.684572

Sheet Equations
A1: Every derived quantity in this workbook, and the cell formula that computes it
A3: Quantity | B3: Symbol | C3: Definition | D3: Excel formula (FAOSTAT sheet) | E3: Unit | F3: Source
A4: Production, milled | B4: P | C4: Paddy production x milling rate | D4: =E2*MillingRate | E4: t | F4: FAO conversion
A5: Yield | B5: Y | C5: Production / area, x1000 for kg | D5: =E2*1000/F2 | E5: kg/ha | F5: FAOSTAT derived
A6: Apparent consumption | B6: C | C6: P(milled) + M - X | D6: =L2+G2-N(H2) | E6: t | F6: FAO (2001)
A7: Per capita production | B7: PPC | C7: 1000 x P(milled) / N | D7: =L2*1000/I2 | E7: kg/capita | F7: FAO (2001); Gassi et al. (2025) eq. 1
A8: Per capita consumption | B8: CPC | C8: 1000 x C / N | D8: =N2*1000/I2 | E8: kg/capita | F8: FAO (2001); Gassi et al. (2025) eq. 2
A9: Self-sufficiency ratio | B9: SSR | C9: 100 x P(milled) / (P(milled) + M - X) | D9: =L2/N2*100 | E9: % | F9: FAO (2001); Gassi et al. (2025) eq. 4
A10: Import dependency ratio | B10: IDR | C10: 100 x M / (P(milled) + M - X) | D10: =G2/N2*100 | E10: % | F10: FAO (2001); Gassi et al. (2025) eq. 3
A11: Import coverage ratio | B11: ICR | C11: P(milled) / M | D11: =L2/G2 | E11: ratio | F11: Derived
A12: Net trade | B12: NT | C12: X - M | D12: =N(H2)-G2 | E12: t | F12: Derived
A13: Import bill per capita | B13: - | C13: 1000 x import value / N | D13: =J2*1000/I2 | E13: USD/capita | F13: Derived
A14: SSR, balance-sheet basis | B14: SSR_FBS | C14: 100 x P_FBS / (P_FBS + M_FBS - X_FBS) | D14: =E2/(E2+F2-N(G2))*100 | E14: % | F14: CARD / AfricaRice convention; see FoodBalanceSheet sheet
A15: Regional aggregate | B15: - | C15: Sum of member countries for that year | D15: =SUMIFS(FAOSTAT!$E$2:$E$n, FAOSTAT!$D$2:$D$n, year, FAOSTAT!$C$2:$C$n, region) | E15: various | F15: Derived
A17: NOTE | C17: Ratios are recomputed from AGGREGATED numerator and denominator, never averaged across countries. Averaging member ratios would weight a 200 ha producer the same as a 3 Mha one.
A18: NOTE | C18: N() wraps the exports term so a blank reads as zero rather than propagating an error. FAOSTAT suppresses rather than zeroes an unreported flow.
A19: NOTE | C19: SSR and IDR are blanked where apparent consumption is zero or negative. A negative balance sheet - exports above production plus imports - is unusable, not a lean year. Kenya 1992 is the clearest case.
